&ylabel:,Cases,
&log_allowed:,True,
&delta_allowed:,True,
&per_capita_allowed:,True,
&suggested_scaling:,1000000,
,Alabama,Alaska,American Samoa,Arizona,Arkansas,California,Colorado,Connecticut,Delaware,District of Columbia,Florida,Georgia,Guam,Hawaii,Idaho,Illinois,Indiana,Iowa,Kansas,Kentucky,Louisiana,Maine,Maryland,Massachusetts,Michigan,Minnesota,Mississippi,Missouri,Montana,Nebraska,Nevada,New Hampshire,New Jersey,New Mexico,New York,North Carolina,North Dakota,Northern Mariana Islands,Ohio,Oklahoma,Oregon,Pennsylvania,Puerto Rico,Rhode Island,South Carolina,South Dakota,Tennessee,Texas,Utah,Vermont,Virgin Islands,Virginia,Washington,West Virginia,Wisconsin,Wyoming
2020-01-22,0,0,0,0,0,0,0,0,0,0,0,0,0,0,0,0,0,0,0,0,0,0,0,0,0,0,0,0,0,0,0,0,0,0,0,0,0,0,0,0,0,0,0,0,0,0,0,0,0,0,0,0,1,0,0,0
2020-01-23,0,0,0,0,0,0,0,0,0,0,0,0,0,0,0,0,0,0,0,0,0,0,0,0,0,0,0,0,0,0,0,0,0,0,0,0,0,0,0,0,0,0,0,0,0,0,0,0,0,0,0,0,1,0,0,0
2020-01-24,0,0,0,0,0,0,0,0,0,0,0,0,0,0,0,1,0,0,0,0,0,0,0,0,0,0,0,0,0,0,0,0,0,0,0,0,0,0,0,0,0,0,0,0,0,0,0,0,0,0,0,0,1,0,0,0
2020-01-25,0,0,0,0,0,0,0,0,0,0,0,0,0,0,0,1,0,0,0,0,0,0,0,0,0,0,0,0,0,0,0,0,0,0,0,0,0,0,0,0,0,0,0,0,0,0,0,0,0,0,0,0,1,0,0,0
2020-01-26,0,0,0,1,0,2,0,0,0,0,0,0,0,0,0,1,0,0,0,0,0,0,0,0,0,0,0,0,0,0,0,0,0,0,0,0,0,0,0,0,0,0,0,0,0,0,0,0,0,0,0,0,1,0,0,0
2020-01-27,0,0,0,1,0,2,0,0,0,0,0,0,0,0,0,1,0,0,0,0,0,0,0,0,0,0,0,0,0,0,0,0,0,0,0,0,0,0,0,0,0,0,0,0,0,0,0,0,0,0,0,0,1,0,0,0
2020-01-28,0,0,0,1,0,2,0,0,0,0,0,0,0,0,0,1,0,0,0,0,0,0,0,0,0,0,0,0,0,0,0,0,0,0,0,0,0,0,0,0,0,0,0,0,0,0,0,0,0,0,0,0,1,0,0,0
2020-01-29,0,0,0,1,0,2,0,0,0,0,0,0,0,0,0,1,0,0,0,0,0,0,0,0,0,0,0,0,0,0,0,0,0,0,0,0,0,0,0,0,0,0,0,0,0,0,0,0,0,0,0,0,1,0,0,0
2020-01-30,0,0,0,1,0,2,0,0,0,0,0,0,0,0,0,1,0,0,0,0,0,0,0,0,0,0,0,0,0,0,0,0,0,0,0,0,0,0,0,0,0,0,0,0,0,0,0,0,0,0,0,0,1,0,0,0
2020-01-31,0,0,0,1,0,3,0,0,0,0,0,0,0,0,0,2,0,0,0,0,0,0,0,0,0,0,0,0,0,0,0,0,0,0,0,0,0,0,0,0,0,0,0,0,0,0,0,0,0,0,0,0,1,0,0,0
2020-02-01,0,0,0,1,0,3,0,0,0,0,0,0,0,0,0,2,0,0,0,0,0,0,0,1,0,0,0,0,0,0,0,0,0,0,0,0,0,0,0,0,0,0,0,0,0,0,0,0,0,0,0,0,1,0,0,0
2020-02-02,0,0,0,1,0,3,0,0,0,0,0,0,0,0,0,2,0,0,0,0,0,0,0,1,0,0,0,0,0,0,0,0,0,0,0,0,0,0,0,0,0,0,0,0,0,0,0,0,0,0,0,0,1,0,0,0
2020-02-03,0,0,0,1,0,6,0,0,0,0,0,0,0,0,0,2,0,0,0,0,0,0,0,1,0,0,0,0,0,0,0,0,0,0,0,0,0,0,0,0,0,0,0,0,0,0,0,0,0,0,0,0,1,0,0,0
2020-02-04,0,0,0,1,0,6,0,0,0,0,0,0,0,0,0,2,0,0,0,0,0,0,0,1,0,0,0,0,0,0,0,0,0,0,0,0,0,0,0,0,0,0,0,0,0,0,0,0,0,0,0,0,1,0,0,0
2020-02-05,0,0,0,1,0,6,0,0,0,0,0,0,0,0,0,2,0,0,0,0,0,0,0,1,0,0,0,0,0,0,0,0,0,0,0,0,0,0,0,0,0,0,0,0,0,0,0,0,0,0,0,0,1,0,0,0
2020-02-06,0,0,0,1,0,6,0,0,0,0,0,0,0,0,0,2,0,0,0,0,0,0,0,1,0,0,0,0,0,0,0,0,0,0,0,0,0,0,0,0,0,0,0,0,0,0,0,0,0,0,0,0,1,0,0,0
2020-02-07,0,0,0,1,0,6,0,0,0,0,0,0,0,0,0,2,0,0,0,0,0,0,0,1,0,0,0,0,0,0,0,0,0,0,0,0,0,0,0,0,0,0,0,0,0,0,0,0,0,0,0,0,1,0,0,0
2020-02-08,0,0,0,1,0,6,0,0,0,0,0,0,0,0,0,2,0,0,0,0,0,0,0,1,0,0,0,0,0,0,0,0,0,0,0,0,0,0,0,0,0,0,0,0,0,0,0,0,0,0,0,0,1,0,0,0
2020-02-09,0,0,0,1,0,6,0,0,0,0,0,0,0,0,0,2,0,0,0,0,0,0,0,1,0,0,0,0,0,0,0,0,0,0,0,0,0,0,0,0,0,0,0,0,0,0,0,0,0,0,0,0,1,0,0,0
2020-02-10,0,0,0,1,0,6,0,0,0,0,0,0,0,0,0,2,0,0,0,0,0,0,0,1,0,0,0,0,0,0,0,0,0,0,0,0,0,0,0,0,0,0,0,0,0,0,0,0,0,0,0,0,1,0,0,0
2020-02-11,0,0,0,1,0,7,0,0,0,0,0,0,0,0,0,2,0,0,0,0,0,0,0,1,0,0,0,0,0,0,0,0,0,0,0,0,0,0,0,0,0,0,0,0,0,0,0,0,0,0,0,0,1,0,0,0
2020-02-12,0,0,0,1,0,7,0,0,0,0,0,0,0,0,0,2,0,0,0,0,0,0,0,1,0,0,0,0,0,0,0,0,0,0,0,0,0,0,0,0,0,0,0,0,0,0,0,0,0,0,0,0,1,0,0,0
2020-02-13,0,0,0,1,0,8,0,0,0,0,0,0,0,0,0,2,0,0,0,0,0,0,0,1,0,0,0,0,0,0,0,0,0,0,0,0,0,0,0,0,0,0,0,0,0,0,0,0,0,0,0,0,1,0,0,0
2020-02-14,0,0,0,1,0,8,0,0,0,0,0,0,0,0,0,2,0,0,0,0,0,0,0,1,0,0,0,0,0,0,0,0,0,0,0,0,0,0,0,0,0,0,0,0,0,0,0,0,0,0,0,0,1,0,0,0
2020-02-15,0,0,0,1,0,8,0,0,0,0,0,0,0,0,0,2,0,0,0,0,0,0,0,1,0,0,0,0,0,0,0,0,0,0,0,0,0,0,0,0,0,0,0,0,0,0,0,0,0,0,0,0,1,0,0,0
2020-02-16,0,0,0,1,0,8,0,0,0,0,0,0,0,0,0,2,0,0,0,0,0,0,0,1,0,0,0,0,0,0,0,0,0,0,0,0,0,0,0,0,0,0,0,0,0,0,0,0,0,0,0,0,1,0,0,0
2020-02-17,0,0,0,1,0,8,0,0,0,0,0,0,0,0,0,2,0,0,0,0,0,0,0,1,0,0,0,0,0,0,0,0,0,0,0,0,0,0,0,0,0,0,0,0,0,0,0,0,0,0,0,0,1,0,0,0
2020-02-18,0,0,0,1,0,8,0,0,0,0,0,0,0,0,0,2,0,0,0,0,0,0,0,1,0,0,0,0,0,0,0,0,0,0,0,0,0,0,0,0,0,0,0,0,0,0,0,0,0,0,0,0,1,0,0,0
2020-02-19,0,0,0,1,0,8,0,0,0,0,0,0,0,0,0,2,0,0,0,0,0,0,0,1,0,0,0,0,0,0,0,0,0,0,0,0,0,0,0,0,0,0,0,0,0,0,0,0,0,0,0,0,1,0,0,0
2020-02-20,0,0,0,1,0,8,0,0,0,0,0,0,0,0,0,2,0,0,0,0,0,0,0,1,0,0,0,0,0,0,0,0,0,0,0,0,0,0,0,0,0,0,0,0,0,0,0,0,0,0,0,0,1,0,0,0
2020-02-21,0,0,0,1,0,10,0,0,0,0,0,0,0,0,0,2,0,0,0,0,0,0,0,1,0,0,0,0,0,0,0,0,0,0,0,0,0,0,0,0,0,0,0,0,0,0,0,0,0,0,0,0,1,0,0,0
2020-02-22,0,0,0,1,0,10,0,0,0,0,0,0,0,0,0,2,0,0,0,0,0,0,0,1,0,0,0,0,0,0,0,0,0,0,0,0,0,0,0,0,0,0,0,0,0,0,0,0,0,0,0,0,1,0,0,0
2020-02-23,0,0,0,1,0,10,0,0,0,0,0,0,0,0,0,2,0,0,0,0,0,0,0,1,0,0,0,0,0,0,0,0,0,0,0,0,0,0,0,0,0,0,0,0,0,0,0,0,0,0,0,0,1,0,0,0
2020-02-24,0,0,0,1,0,10,0,0,0,0,0,0,0,0,0,2,0,0,0,0,0,0,0,1,0,0,0,0,0,0,0,0,0,0,0,0,0,0,0,0,0,0,0,0,0,0,0,0,0,0,0,0,1,0,0,0
2020-02-25,0,0,0,1,0,10,0,0,0,0,0,0,0,0,0,2,0,0,0,0,0,0,0,1,0,0,0,0,0,0,0,0,0,0,0,0,0,0,0,0,0,0,0,0,0,0,0,0,0,0,0,0,1,0,0,0
2020-02-26,0,0,0,1,0,10,0,0,0,0,0,0,0,0,0,2,0,0,0,0,0,0,0,1,0,0,0,0,0,0,0,0,0,0,0,0,0,0,0,0,0,0,0,0,0,0,0,0,0,0,0,0,1,0,0,0
2020-02-27,0,0,0,1,0,11,0,0,0,0,0,0,0,0,0,2,0,0,0,0,0,0,0,1,0,0,0,0,0,0,0,0,0,0,0,0,0,0,0,0,0,0,0,0,0,0,0,0,0,0,0,0,1,0,0,0
2020-02-28,0,0,0,1,0,11,0,0,0,0,0,0,0,0,0,2,0,0,0,0,0,0,0,1,0,0,0,0,0,0,0,0,0,0,0,0,0,0,0,0,0,0,0,0,0,0,0,0,0,0,0,0,1,0,0,0
2020-02-29,0,0,0,1,0,12,0,0,0,0,0,0,0,0,0,2,0,0,0,0,0,0,0,1,0,0,0,0,0,0,0,0,0,0,0,0,0,0,0,0,1,0,0,0,0,0,0,0,0,0,0,0,7,0,0,0
2020-03-01,0,0,0,1,0,12,0,0,0,0,0,0,0,0,0,3,0,0,0,0,0,0,0,1,0,0,0,0,0,0,0,0,0,0,0,0,0,0,0,0,1,0,0,1,0,0,0,0,0,0,0,0,11,0,0,0
2020-03-02,0,0,0,1,0,21,0,0,0,0,1,0,0,0,0,4,0,0,0,0,0,0,0,1,0,0,0,0,0,0,0,1,0,0,1,0,0,0,0,0,3,0,0,2,0,0,0,0,0,0,0,0,18,0,0,0
2020-03-03,0,0,0,1,0,25,0,0,0,0,2,2,0,0,0,4,0,0,0,0,0,0,0,2,0,0,0,0,0,0,0,2,0,0,2,1,0,0,0,0,3,0,0,2,0,0,0,0,0,0,0,0,27,0,0,0
2020-03-04,0,0,0,1,0,35,0,0,0,0,2,2,0,0,0,4,0,0,0,0,0,0,0,2,0,0,0,0,0,0,0,2,0,0,11,1,0,0,0,0,3,0,0,2,0,0,0,0,0,0,0,0,39,0,0,0
2020-03-05,0,0,0,1,0,51,2,0,0,0,3,2,0,0,0,5,0,0,0,0,0,0,0,2,0,0,0,0,0,0,1,2,2,0,23,1,0,0,0,0,3,0,0,2,0,0,1,3,0,0,0,0,70,0,0,0
2020-03-06,0,0,0,2,0,59,8,0,0,0,3,3,0,0,0,5,1,0,0,1,0,0,3,6,0,1,0,0,0,1,2,2,2,0,31,2,0,0,0,0,3,2,0,2,0,0,1,4,0,0,0,0,78,0,0,0
2020-03-07,0,0,0,4,0,81,8,0,0,0,7,5,0,1,0,6,1,0,0,1,0,0,3,6,0,1,0,0,0,1,2,2,4,0,76,2,0,0,0,1,6,2,0,3,2,0,1,8,1,0,0,0,102,0,0,0
2020-03-08,0,0,0,4,0,95,8,0,0,0,10,5,0,1,0,7,2,0,1,1,0,0,5,22,0,1,0,1,0,1,4,4,5,0,106,2,0,0,0,1,14,6,0,3,2,0,3,11,1,1,0,2,122,0,0,0
2020-03-09,0,0,0,4,0,101,12,0,0,0,13,10,0,1,0,7,3,3,1,4,0,0,5,22,0,2,0,1,0,3,4,4,5,0,142,2,0,0,0,1,14,7,0,3,3,0,3,13,1,1,0,2,122,0,0,0
2020-03-10,0,0,0,6,0,144,17,1,0,0,15,17,0,3,0,12,6,8,1,5,0,0,8,41,0,2,0,1,0,3,4,4,15,0,150,7,0,0,3,2,14,12,0,3,7,0,3,16,2,1,0,8,167,0,3,0
2020-03-11,0,0,0,9,0,178,34,3,1,0,24,23,0,2,0,25,11,13,1,8,5,0,9,92,2,5,0,1,0,5,7,5,23,3,220,7,0,0,4,2,19,16,0,5,10,8,9,21,3,1,0,9,282,0,4,0
2020-03-12,0,0,0,9,0,221,49,5,1,0,30,31,0,2,0,32,13,14,4,10,19,1,12,107,2,9,1,2,0,10,10,6,29,5,327,15,1,0,5,3,24,22,0,3,7,7,18,27,3,2,0,12,442,0,8,1
2020-03-13,5,1,0,9,9,281,78,11,4,0,50,42,0,2,1,46,13,17,6,14,29,3,18,123,16,14,6,4,1,14,18,6,49,10,421,17,1,0,12,3,30,41,0,12,8,8,26,44,9,2,0,27,568,0,19,1
2020-03-14,7,1,0,12,12,372,103,23,6,0,76,73,0,4,2,64,16,17,8,16,77,3,27,138,25,21,6,4,5,18,20,7,69,13,613,25,1,0,26,4,36,47,0,20,19,8,32,60,10,5,0,37,642,0,27,2
2020-03-15,11,1,0,12,3,373,136,24,6,0,100,99,0,6,4,66,20,18,8,18,87,2,24,138,32,21,6,5,6,17,20,7,72,13,615,32,1,0,30,4,36,47,0,20,19,8,32,63,18,5,0,37,603,0,28,2
2020-03-16,29,1,0,18,3,557,161,41,8,22,101,121,3,8,4,83,25,23,11,21,115,17,42,187,54,53,12,6,6,18,45,17,176,21,967,39,1,0,50,10,39,79,5,21,30,10,52,85,28,12,1,49,779,0,48,2
2020-03-17,39,3,0,20,3,700,183,68,16,22,190,146,3,10,8,161,30,23,18,26,196,26,60,217,63,59,21,12,8,23,55,26,250,23,1578,64,3,0,67,17,66,112,5,23,47,11,74,110,39,12,2,67,955,0,73,11
2020-03-18,51,5,0,27,4,828,216,96,19,31,306,197,5,15,9,272,38,38,22,28,257,35,85,252,119,77,34,18,10,24,55,37,397,28,3038,92,6,0,89,17,75,155,5,33,60,11,100,196,47,13,2,79,1022,1,111,16
2020-03-19,78,8,0,45,62,1005,278,159,30,40,432,287,12,25,23,422,60,44,35,50,392,52,107,328,259,89,50,39,11,29,95,42,741,35,5704,136,19,0,119,44,88,206,5,44,80,14,154,306,62,22,3,103,1374,2,159,18
2020-03-20,106,11,0,68,100,1243,364,194,39,71,564,485,14,36,36,585,86,45,48,64,537,56,149,413,402,113,80,73,20,37,161,53,890,42,8403,189,26,0,173,49,114,311,14,54,126,14,223,429,95,29,3,123,1524,8,219,21
2020-03-21,131,13,0,104,122,1405,475,194,45,98,763,555,15,36,42,753,128,69,57,87,763,70,193,523,540,134,140,81,27,38,161,61,1327,55,11727,256,28,0,247,53,137,399,21,66,174,14,304,582,118,49,6,157,1793,12,282,23
2020-03-22,157,18,0,152,165,1646,595,327,56,102,1004,621,27,53,42,1049,204,90,65,103,837,89,244,640,1035,167,207,100,34,51,190,73,1914,57,15800,305,28,0,356,67,161,509,23,83,196,21,393,643,162,52,6,220,1997,16,381,26
2020-03-23,196,30,0,235,192,2108,723,415,68,120,1227,772,29,56,68,1285,270,105,84,123,1172,107,290,777,1329,234,249,187,34,51,245,101,2844,83,20884,353,30,0,443,81,191,698,31,106,298,28,614,758,257,75,7,254,2221,16,425,26
2020-03-24,242,34,0,326,219,2538,912,618,104,141,1412,1026,32,90,81,1537,368,124,100,162,1388,118,349,1159,1793,261,320,257,51,66,278,101,3675,100,25681,495,36,0,567,106,210,946,39,124,342,30,772,955,298,95,17,293,2328,22,481,29
2020-03-25,381,41,0,401,280,2998,1087,875,119,187,1682,1247,37,91,91,1865,477,146,134,197,1795,142,425,1838,2296,286,377,354,65,71,323,108,4402,113,30841,590,45,0,704,164,266,1260,51,132,424,41,916,1229,340,125,17,396,2591,39,621,44
2020-03-26,517,56,0,508,335,3899,1430,1012,130,231,2357,1525,45,95,146,2538,645,179,172,247,2304,155,583,2417,2845,344,485,520,90,74,420,137,6876,113,37877,738,51,0,868,248,316,1795,64,165,424,46,1097,1563,396,158,17,466,3207,52,728,53
2020-03-27,587,58,0,665,381,4657,1738,1291,163,271,2900,2000,51,106,205,3024,979,235,206,301,2744,168,775,3240,3634,396,579,666,109,82,536,158,8825,136,44876,887,68,0,1137,322,416,2345,79,203,542,58,1318,1937,472,184,19,607,3477,76,926,70
2020-03-28,694,85,0,773,409,5095,2061,1524,214,304,3763,2366,55,149,234,3491,1233,298,266,380,3315,211,995,4257,4650,441,663,836,129,96,626,187,11124,208,52410,1020,94,0,1406,377,479,2845,100,239,660,68,1511,2455,602,211,22,740,4030,96,1055,82
2020-03-29,825,102,0,919,426,5852,2308,1993,232,342,4246,2651,56,149,281,4596,1513,336,330,438,3540,253,1239,4955,5488,503,759,915,154,108,920,214,13386,237,59648,1191,98,0,1653,429,548,3432,127,294,774,90,1720,2792,720,235,23,890,4465,113,1164,86
2020-03-30,899,114,0,1157,473,7138,2627,2571,264,401,5473,2808,58,175,340,5056,1786,424,372,479,4025,275,1413,5752,6498,576,847,1051,171,145,1012,314,16636,237,66663,1313,109,0,1933,481,606,4155,174,408,925,101,1917,3147,798,256,30,1020,4923,145,1230,94
2020-03-31,987,119,0,1289,523,8210,2966,3128,319,495,6741,3929,69,204,515,5994,2158,497,434,628,5237,303,1660,6620,7615,629,937,1357,198,172,1114,357,18696,315,75833,1535,122,2,2199,568,690,4963,239,488,1083,108,2391,3809,888,293,30,1249,5432,162,1412,109
2020-04-01,1060,132,0,1413,584,9399,3342,3557,368,586,6956,4638,77,224,566,6980,2564,547,485,632,6424,303,1986,7738,9315,689,1073,1613,208,210,1279,367,22255,327,83948,1675,142,6,2547,721,736,6009,286,566,1293,129,2933,4355,888,321,30,1483,5608,191,1556,130
2020-04-02,1233,143,0,1596,643,10773,3728,3824,393,653,9008,5348,82,256,776,7695,3038,614,553,770,9149,376,2331,8966,10791,742,1177,1857,241,246,1463,479,25590,373,92506,1977,159,6,2901,881,826,7268,316,645,1554,165,3013,5069,1086,338,30,1706,6389,216,1748,150
2020-04-03,1495,157,0,1769,704,12004,4173,4914,450,757,10268,5831,84,319,891,8904,3437,699,629,770,10297,432,2758,10402,12744,788,1358,1864,243,279,1514,479,29895,490,102987,2251,173,8,3312,990,899,8570,316,711,1700,187,3067,5734,1248,389,37,2012,6846,237,2012,162
2020-04-04,1614,171,0,2019,743,12837,4565,5276,593,902,11537,6160,93,351,1022,10357,3953,787,698,917,12496,456,3125,11736,14225,865,1455,2310,265,321,1742,540,34124,506,113833,2486,186,8,3739,1161,899,10444,452,806,1917,212,3322,6567,1428,461,40,2407,7247,282,2030,187
2020-04-05,1765,185,0,2269,837,15034,4950,5675,673,1002,12350,6647,112,371,1078,11259,4411,869,751,955,13010,470,3617,12500,15718,935,1638,2347,286,364,1855,621,37505,624,123160,2649,207,8,4043,1254,1068,11589,475,922,2049,240,3633,7209,1601,512,42,2640,7825,324,2320,197
2020-04-06,1952,190,0,2460,875,16019,5183,6906,783,1097,13324,7314,113,387,1101,12262,4956,946,849,955,14867,499,4045,13837,17221,986,1738,2736,299,417,1953,715,41090,686,131815,2962,225,8,4453,1329,1068,13127,513,1082,2232,288,3802,8043,1678,543,43,2878,8311,345,2449,210
2020-04-07,2169,213,0,2575,946,17351,5429,7781,928,1211,14545,8822,121,410,1170,13553,5510,1046,912,1149,16284,519,4371,15202,18970,1069,1915,3130,319,447,2124,715,44416,794,139875,3299,237,8,4782,1474,1132,14853,573,1229,2417,320,4139,8925,1739,575,43,3335,8692,412,2578,216
2020-04-08,2328,226,0,2726,1000,18897,5655,7781,1116,1440,15456,9901,121,410,1210,15078,5943,1145,1046,1149,17030,537,5529,16790,20346,1154,2003,3209,332,519,2259,747,47437,821,151061,3499,251,11,5148,1526,1181,16631,620,1450,2417,393,4363,9777,1848,605,45,3645,9276,483,2710,221
2020-04-09,2703,235,0,3018,1119,19710,6202,9784,1209,1523,16364,10566,128,442,1232,16422,6351,1270,1116,1341,18283,560,6185,18941,21504,1240,2260,3432,354,568,2456,819,51027,865,161779,3736,269,11,5512,1686,1321,18300,683,1727,2793,447,4634,11208,1856,628,45,4042,9639,514,2886,230
2020-04-10,2947,246,0,3112,1171,21081,6513,10538,1326,1660,17531,11485,130,442,1354,17887,6907,1388,1117,1693,19253,586,6968,20974,22434,1336,2469,3897,365,635,2722,819,54588,1081,172348,3965,278,11,5878,1794,1322,20051,725,1727,3067,536,4891,12105,2103,679,50,4509,10119,574,3068,239
2020-04-11,3217,257,0,3393,1228,21706,6893,11510,1479,1778,18494,12159,133,465,1396,19180,7435,1510,1275,1693,20014,616,7694,22860,23605,1427,2642,4108,377,699,2702,885,58151,1091,181026,4354,293,11,6250,1868,1371,21719,788,2349,3211,626,5132,13023,2207,711,51,5077,10434,577,3213,261
2020-04-12,3563,272,0,3542,1280,22795,7307,12035,1625,1875,19895,12452,133,499,1407,20852,7928,1587,1344,1963,20595,633,8225,25475,24244,1621,2781,4269,387,791,2836,929,61850,1245,189033,4570,308,11,6604,1970,1527,22938,897,2665,3320,730,5508,13677,2303,727,51,5274,10609,593,3341,270
2020-04-13,3734,277,0,3705,1410,23931,7696,13381,1758,1955,21019,13315,133,504,1426,22025,8359,1710,1390,2018,21016,698,8936,26867,25635,1621,2942,4515,394,814,2990,985,64584,1262,195749,4886,331,11,6975,2069,1584,24292,903,2665,3391,868,5610,14275,2363,748,51,5747,10635,611,3428,275
2020-04-14,3953,285,0,3809,1498,25356,7950,13989,1926,2058,21628,14578,133,511,1464,23248,8527,1899,1441,2048,21518,735,9472,28164,27001,1695,3087,4746,399,897,3134,922,68824,1345,203020,5113,341,11,7285,2184,1633,25465,923,3251,3553,988,5827,15006,2417,752,51,6182,10799,640,3555,282
2020-04-15,4075,293,0,3964,1569,26686,8280,14755,2014,2197,22511,14987,135,524,1473,24593,8960,1995,1504,2210,21951,770,10032,29918,28059,1809,3360,4791,404,901,3211,1139,71030,1484,214454,5340,365,13,7794,2263,1663,26753,974,3251,3656,1168,5827,15907,2548,759,51,6500,10942,702,3721,287
2020-04-16,4345,300,0,4237,1620,27677,8675,15884,2070,2350,23343,15669,135,530,1587,25734,9542,2141,1615,2435,22532,796,10784,32181,28809,1809,3624,5174,415,952,3214,1139,75317,1484,223691,5639,393,13,8414,2357,1736,28258,1043,3529,3931,1311,6166,16876,2683,774,51,6889,11057,728,3875,296
2020-04-17,4571,309,0,4511,1695,29157,9047,16809,2317,2476,24759,17194,136,541,1609,27578,10154,2332,1730,2522,23118,827,11572,34402,30023,2070,3793,5371,422,1066,3524,1287,78467,1597,230597,6045,393,13,9107,2465,1785,29888,1068,4177,4099,1411,6263,17849,2793,779,51,7491,11517,775,4053,305
2020-04-18,4712,314,0,4724,1744,30491,9440,17550,2538,2666,25492,17669,136,574,1655,29160,10641,2513,1821,2707,23580,847,12326,36372,30791,2209,3974,5579,426,1249,3626,1342,81420,1798,237474,6328,528,14,10222,2465,1844,31652,1118,4491,4248,1542,6589,18704,2917,803,53,8053,11776,785,4199,309
2020-04-19,4888,319,0,4933,1781,31431,9730,17962,2538,2793,26314,18301,136,580,1668,30357,11211,2902,1905,2960,23928,867,12847,38077,31424,2356,4274,5743,433,1474,3728,1390,85301,1845,243382,6601,585,14,11602,2567,1910,32902,1213,4706,4377,1635,7070,19260,3069,813,53,8542,11978,890,4346,313
2020-04-20,5079,321,0,5068,1973,33686,10112,19815,2745,2927,27059,19407,136,584,1672,31513,11688,3159,2048,3050,24523,875,13684,38077,32000,2470,4512,5890,433,1648,3830,1447,88722,1971,248416,6895,627,14,12919,2680,1957,33914,1252,5090,4446,1685,7238,19751,3213,816,53,8990,12114,902,4499,317
2020-04-21,5317,329,0,5256,1990,35465,10473,20360,2931,3098,27869,19881,136,586,1736,33059,12097,3641,2164,3204,24854,888,14193,41199,32667,2567,4716,6066,437,1685,3937,1490,92387,1971,253519,7134,644,14,13725,2807,2004,35249,1298,5500,4439,1755,7394,20574,3297,818,53,9630,12392,908,4625,443
2020-04-22,5593,335,0,5473,2276,37344,10891,22469,3200,3206,28309,21214,136,592,1766,35107,12438,3748,2331,3378,25258,907,14775,42944,33966,2722,4894,6277,439,1813,4081,1588,95914,2210,258222,7495,679,14,14117,2894,2059,36082,1252,5841,4761,1858,7394,21321,3445,823,54,10266,12596,939,4845,447
2020-04-23,5832,337,0,5772,2599,39561,11278,23100,3308,3361,29648,21883,139,596,1836,36937,13039,3924,2721,3479,25739,937,15737,46023,35296,2942,5153,6506,442,2202,4208,1670,100025,2379,263460,7820,709,14,14694,3017,2127,38379,1416,6256,4917,1956,8266,22650,3612,825,54,10998,12753,981,5052,453
2020-04-24,6026,339,0,6045,2810,41355,12256,23936,3442,3528,30533,22491,141,601,1870,39658,13681,4445,2959,3779,26140,965,16616,50969,36666,3185,5434,6788,444,2424,4398,1720,102196,2521,271590,8290,748,14,15169,3121,2177,40208,1276,6699,5070,2040,8728,23642,3782,827,54,11594,12977,1010,5356,473
2020-04-25,6026,339,0,6286,2911,42368,12968,24583,3576,3699,30839,23222,141,605,1887,41777,14399,5092,3135,3915,26512,965,17766,53348,37074,3446,5718,6935,445,2719,4539,1797,105498,2660,282143,8768,803,14,15587,3194,2253,41153,1307,7129,5253,2147,9189,24153,3948,843,55,12366,13319,1010,5687,491
2020-04-26,6421,340,0,6534,3001,43558,13441,25269,4034,3841,31532,23486,141,606,1897,43903,15012,5476,3277,4085,26773,1015,18581,54938,37778,3602,5911,7120,448,3030,4734,1864,109038,2726,288045,8997,867,14,15972,3254,2311,42616,1371,7439,5498,2212,9667,24967,4123,851,57,12970,13521,1055,5912,502
2020-04-27,6539,345,0,6725,3069,44966,13879,25997,4162,3892,32138,24302,141,607,1897,45883,15961,5868,3473,4156,27068,1023,19487,56462,38210,3811,6094,7305,449,3358,4700,1938,111188,2825,291996,9428,942,14,16325,3281,2354,43558,1389,7708,5613,2244,9918,25321,4236,855,57,13538,13686,1063,6081,520
2020-04-28,6750,351,0,6955,3127,46164,14316,26312,4575,3994,32848,24922,141,609,1952,48102,16588,6376,3652,4375,27286,1040,20113,58302,39262,4181,6342,7450,451,3517,4821,2010,113856,2974,295106,9755,991,14,16769,3410,2385,45137,1400,7927,5735,2313,10052,26357,4345,862,57,14339,13842,1095,6289,536
2020-04-29,6912,355,0,7209,3193,48747,14758,26767,4655,4106,33193,25775,141,613,1952,50358,17182,6843,3839,4537,27660,1056,20849,60265,40399,4644,6569,7660,451,3851,4934,2058,116365,3213,299691,10180,1033,14,17303,3473,2446,46327,1433,8247,5882,2373,10366,27257,4497,862,57,14962,14070,1110,6520,545
2020-04-30,7088,355,0,7655,3281,50130,15284,27700,4734,4323,33690,26264,145,618,1984,52918,17835,7145,4413,4708,28001,1095,21742,62205,41379,5136,6815,7818,453,4281,5053,2146,118652,3411,304372,10754,1067,14,18027,3618,2510,47971,1539,8621,6095,2449,10735,28727,4672,866,66,15847,14327,1125,6854,559
2020-05-01,7294,364,0,7969,3337,52026,15793,28764,4918,4658,34728,27489,145,619,2015,56055,18630,7884,4634,4882,28711,1123,23472,64311,42356,5730,7212,8067,453,5008,5248,2310,121190,3513,308314,11070,1107,14,18743,3748,2579,49579,1575,8962,6258,2525,11891,29692,4828,879,66,16902,14637,1152,7314,566
2020-05-02,7611,365,0,8364,3372,53347,16225,29287,5038,4797,35463,28331,145,620,2061,58505,19295,8643,4885,4879,29140,1153,24473,66263,43207,6232,7441,8356,455,5317,5389,2429,123717,3732,312977,11588,1153,14,19335,3851,2635,50494,1757,9289,6489,2588,12661,30917,4985,886,66,17738,15003,1185,7660,579
2020-05-03,7888,368,0,8640,3437,54903,16635,29287,5208,5016,36078,28665,145,620,2061,61499,19933,9175,5156,5130,29340,1185,25462,68087,43801,6663,7550,8618,455,5661,5472,2518,126744,3850,316415,11770,1191,14,19914,3972,2680,51225,1808,9477,6626,2631,13177,31998,5175,897,66,18672,15185,1195,7964,586
2020-05-04,8112,370,0,8924,3491,55884,16918,29973,5288,5170,36897,29451,145,621,2106,63777,20507,9703,5383,5245,29673,1205,26408,69087,43990,7234,7877,8946,457,6037,5630,2588,128269,4031,318953,11971,1225,14,20474,4044,2759,52816,1843,9652,6757,2668,13571,32783,5317,902,66,19493,15462,1224,8236,596
2020-05-05,8437,371,0,9305,3525,58456,17367,30621,5371,5322,37439,29998,145,625,2127,65889,21033,10111,5648,5822,29996,1226,27117,70271,44451,7851,8207,9121,456,6373,5660,2636,130593,4138,321192,12510,1266,14,20969,4127,2839,53864,1924,9933,6841,2721,13690,33912,5449,907,66,20257,15594,1246,8566,604
2020-05-06,8691,372,0,9707,3611,60616,17832,30995,5778,5461,38002,30743,149,626,2158,68232,21870,10404,5993,5934,30399,1254,28163,72025,45179,8579,8424,9323,456,6689,5741,2741,131890,4291,323978,13053,1323,15,21576,4202,2916,54800,1968,10205,6936,2780,13938,34928,5595,908,66,20985,15905,1242,8901,631
2020-05-07,9046,374,0,9945,3703,62148,18370,31784,5939,5654,38828,31618,149,629,2178,70871,22503,11059,6332,6129,30652,1330,29374,73721,45745,9365,8686,9581,456,7334,5855,2843,133991,4493,327469,13540,1371,15,22131,4330,2989,55956,2031,10530,7142,2906,14096,36036,5724,916,66,21570,16231,1287,9215,635
2020-05-08,9385,377,0,10526,3747,63779,18827,32411,6111,5899,39199,32181,151,629,2178,73760,23146,11457,6667,6288,30855,1374,30485,75333,46386,10088,9090,9733,458,7818,5920,2947,135840,4673,330407,14006,1425,15,23016,4424,3068,57371,2156,10779,7367,3145,14441,37246,5919,919,68,22342,16388,1323,9590,644
2020-05-09,9668,378,0,10960,3747,66558,19375,32984,6277,6102,40001,32588,151,631,2205,76085,23732,11671,6829,6440,31417,1408,31534,76743,46815,10790,9378,9911,458,8093,6171,3011,137397,4778,333122,14478,1464,16,23697,4490,3160,58560,2173,10989,7531,3393,14768,38394,6103,921,68,23196,16674,1323,9939,653
2020-05-10,9889,379,0,11119,4012,67600,19703,33554,6277,6272,40596,33580,151,632,2230,77741,24126,11959,6951,6440,31600,1436,32587,77793,47182,11271,9501,10068,458,8171,6120,3071,138754,4863,335395,14938,1491,16,24081,4589,3228,59939,2198,11274,7653,3517,14985,39258,6251,927,69,24081,16891,1360,10219,662
2020-05-11,10164,379,0,11383,4043,69329,19879,33765,6565,6389,40982,34002,151,634,2260,79007,24627,12373,7159,6677,31815,1462,33373,78462,47552,11799,9674,10157,459,8407,6152,3160,140206,5069,337055,15274,1518,19,24777,4613,3286,60459,2256,11450,7792,3614,15544,40555,6362,926,69,25070,17122,1366,10418,669
2020-05-12,10464,383,0,11736,4164,70978,20157,34333,6741,6485,41923,34924,152,635,2293,83021,25127,12912,7240,6853,32050,1477,34061,79332,48021,12494,9908,10269,461,8532,6313,3239,140917,5212,338485,15622,1571,19,25250,4732,3358,61310,2299,11614,7927,3663,16111,41432,6432,927,69,25800,17330,1378,10611,675
2020-05-13,10700,383,0,12216,4236,72798,20475,34855,6952,6584,42402,35427,152,638,2293,84694,25473,13289,7518,6853,32662,1515,34812,80497,48391,12917,10090,10404,462,8912,6476,3299,141560,5364,340661,16352,1647,19,25721,4858,3416,62101,2329,11835,8030,3732,16370,43020,6620,929,69,26746,17512,1398,10902,688
2020-05-14,11101,383,0,12674,4366,74871,20838,35464,7223,6736,43210,35977,152,637,2351,87937,26053,13675,7705,7225,33489,1565,35903,82182,49582,13435,10483,10594,462,9260,6504,3382,142704,5503,343051,16968,1712,19,26357,4963,3479,63105,2427,12016,8189,3792,16699,44480,6749,932,69,27813,17773,1427,11275,701
2020-05-15,11373,388,0,13169,4463,76693,21232,36085,7373,6871,44138,36772,154,638,2351,90369,26656,14049,7886,7444,33837,1603,36986,83421,50079,14240,10801,10766,466,9610,6733,3453,143984,5662,345813,17494,1761,19,26954,5087,3541,64136,2542,12219,8407,3887,16960,45721,6913,933,69,28672,17951,1447,11685,716
2020-05-16,11674,388,0,13666,4578,78725,21633,36703,7547,7042,44811,37212,154,639,2419,92457,27280,14328,7939,7688,34117,1648,37968,84933,50538,14969,11123,10959,468,10220,6813,3556,145089,5847,348232,18130,1848,21,27474,5237,3612,65185,2589,12434,8661,3959,17263,47452,7068,934,69,29683,18288,1470,12187,741
2020-05-17,11771,388,0,13945,4759,80166,21938,37419,7670,7123,45588,37579,154,640,2419,94191,27778,14651,7953,7688,34432,1687,38804,86010,51142,15668,11296,11108,468,10177,6949,3596,146504,5938,350121,18673,1900,21,27923,5310,3623,65700,2646,12674,8816,3987,17359,48396,7238,940,69,30388,18433,1492,12543,754
2020-05-18,12086,388,0,14208,4813,81457,22202,38116,7869,7270,46442,38283,154,640,2455,96485,28255,14955,8303,7935,34709,1713,39762,87052,51915,16372,11432,11242,470,10625,7061,3652,148240,6096,351371,19207,1931,21,28454,5398,3687,66669,2710,12795,8942,4027,18011,49177,7384,940,69,31140,18611,1502,12687,766
2020-05-19,12376,400,0,14576,4923,83752,22482,38430,8037,7434,46944,38855,154,641,2455,98030,28705,15296,8353,8069,35038,1741,41546,87925,52350,17029,11704,11393,471,10854,7096,3721,149356,6192,352845,19239,1994,21,28952,5489,3726,67311,2805,12951,9056,4085,18412,50552,7518,944,69,32145,18811,1502,12885,776
2020-05-20,13052,401,0,14906,5003,85997,22797,39017,8194,7551,47471,39801,154,643,2506,100418,29274,15620,8507,8167,35316,1819,42323,88970,53009,17670,11967,11528,478,11122,7388,3868,150776,6317,354370,20262,2095,21,29436,5532,3801,68126,2866,13356,9175,4177,18412,51673,7710,944,69,32908,18971,1567,13413,787
2020-05-21,13288,401,0,15348,5458,88031,23191,39208,8386,7788,48675,40663,165,647,2506,102688,29936,16170,8625,8286,36504,1877,43531,90084,53510,18200,12222,11689,479,11427,7400,3935,151586,6472,356458,20512,2229,22,30167,5680,3817,69252,2913,13571,9381,4177,18961,53053,7874,950,69,34137,19117,1593,13885,801
