&ylabel:,Fraction of total tests 'positive',
date,Alabama,Alaska,American Samoa,Arizona,Arkansas,California,Colorado,Connecticut,Delaware,District of Columbia,Florida,Georgia,Guam,Hawaii,Idaho,Illinois,Indiana,Iowa,Kansas,Kentucky,Louisiana,Maine,Maryland,Massachusetts,Michigan,Minnesota,Mississippi,Missouri,Montana,Nebraska,Nevada,New Hampshire,New Jersey,New Mexico,New York,North Carolina,North Dakota,Ohio,Oklahoma,Oregon,Pennsylvania,Puerto Rico,Rhode Island,South Carolina,South Dakota,Tennessee,Texas,Utah,Vermont,Virginia,Virgin Islands,Washington,West Virginia,Wisconsin,Wyoming
2020-01-22,,,,,,,,,,,,,,,,,,,,,,,,,,,,,,,,,,,,,,,,,,,,,,,,,,,,1.0,,,
2020-01-23,,,,,,,,,,,,,,,,,,,,,,,,,,,,,,,,,,,,,,,,,,,,,,,,,,,,1.0,,,
2020-01-24,,,,,,,,,,,,,,,,,,,,,,,,,,,,,,,,,,,,,,,,,,,,,,,,,,,,1.0,,,
2020-01-25,,,,,,,,,,,,,,,,,,,,,,,,,,,,,,,,,,,,,,,,,,,,,,,,,,,,1.0,,,
2020-01-26,,,,,,,,,,,,,,,,,,,,,,,,,,,,,,,,,,,,,,,,,,,,,,,,,,,,1.0,,,
2020-01-27,,,,,,,,,,,,,,,,,,,,,,,,,,,,,,,,,,,,,,,,,,,,,,,,,,,,1.0,,,
2020-01-28,,,,,,,,,,,,,,,,,,,,,,,,,,,,,,,,,,,,,,,,,,,,,,,,,,,,1.0,,,
2020-01-29,,,,,,,,,,,,,,,,,,,,,,,,,,,,,,,,,,,,,,,,,,,,,,,,,,,,1.0,,,
2020-01-30,,,,,,,,,,,,,,,,,,,,,,,,,,,,,,,,,,,,,,,,,,,,,,,,,,,,1.0,,,
2020-01-31,,,,,,,,,,,,,,,,,,,,,,,,,,,,,,,,,,,,,,,,,,,,,,,,,,,,1.0,,,
2020-02-01,,,,,,,,,,,,,,,,,,,,,,,,,,,,,,,,,,,,,,,,,,,,,,,,,,,,1.0,,,
2020-02-02,,,,,,,,,,,,,,,,,,,,,,,,,,,,,,,,,,,,,,,,,,,,,,,,,,,,1.0,,,
2020-02-03,,,,,,,,,,,,,,,,,,,,,,,,,,,,,,,,,,,,,,,,,,,,,,,,,,,,1.0,,,
2020-02-04,,,,,,,,,,,,,,,,,,,,,,,,,,,,,,,,,,,,,,,,,,,,,,,,,,,,1.0,,,
2020-02-05,,,,,,,,,,,,,,,,,,,,,,,,,,,,,,,,,,,,,,,,,,,,,,,,,,,,1.0,,,
2020-02-06,,,,,,,,,,,,,,,,,,,,,,,,,,,,,,,,,,,,,,,,,,,,,,,,,,,,1.0,,,
2020-02-07,,,,,,,,,,,,,,,,,,,,,,,,,,,,,,,,,,,,,,,,,,,,,,,,,,,,1.0,,,
2020-02-08,,,,,,,,,,,,,,,,,,,,,,,,,,,,,,,,,,,,,,,,,,,,,,,,,,,,1.0,,,
2020-02-09,,,,,,,,,,,,,,,,,,,,,,,,,,,,,,,,,,,,,,,,,,,,,,,,,,,,1.0,,,
2020-02-10,,,,,,,,,,,,,,,,,,,,,,,,,,,,,,,,,,,,,,,,,,,,,,,,,,,,1.0,,,
2020-02-11,,,,,,,,,,,,,,,,,,,,,,,,,,,,,,,,,,,,,,,,,,,,,,,,,,,,1.0,,,
2020-02-12,,,,,,,,,,,,,,,,,,,,,,,,,,,,,,,,,,,,,,,,,,,,,,,,,,,,1.0,,,
2020-02-13,,,,,,,,,,,,,,,,,,,,,,,,,,,,,,,,,,,,,,,,,,,,,,,,,,,,1.0,,,
2020-02-14,,,,,,,,,,,,,,,,,,,,,,,,,,,,,,,,,,,,,,,,,,,,,,,,,,,,1.0,,,
2020-02-15,,,,,,,,,,,,,,,,,,,,,,,,,,,,,,,,,,,,,,,,,,,,,,,,,,,,1.0,,,
2020-02-16,,,,,,,,,,,,,,,,,,,,,,,,,,,,,,,,,,,,,,,,,,,,,,,,,,,,1.0,,,
2020-02-17,,,,,,,,,,,,,,,,,,,,,,,,,,,,,,,,,,,,,,,,,,,,,,,,,,,,1.0,,,
2020-02-18,,,,,,,,,,,,,,,,,,,,,,,,,,,,,,,,,,,,,,,,,,,,,,,,,,,,1.0,,,
2020-02-19,,,,,,,,,,,,,,,,,,,,,,,,,,,,,,,,,,,,,,,,,,,,,,,,,,,,1.0,,,
2020-02-20,,,,,,,,,,,,,,,,,,,,,,,,,,,,,,,,,,,,,,,,,,,,,,,,,,,,1.0,,,
2020-02-21,,,,,,,,,,,,,,,,,,,,,,,,,,,,,,,,,,,,,,,,,,,,,,,,,,,,1.0,,,
2020-02-22,,,,,,,,,,,,,,,,,,,,,,,,,,,,,,,,,,,,,,,,,,,,,,,,,,,,1.0,,,
2020-02-23,,,,,,,,,,,,,,,,,,,,,,,,,,,,,,,,,,,,,,,,,,,,,,,,,,,,1.0,,,
2020-02-24,,,,,,,,,,,,,,,,,,,,,,,,,,,,,,,,,,,,,,,,,,,,,,,,,,,,1.0,,,
2020-02-25,,,,,,,,,,,,,,,,,,,,,,,,,,,,,,,,,,,,,,,,,,,,,,,,,,,,1.0,,,
2020-02-26,,,,,,,,,,,,,,,,,,,,,,,,,,,,,,,,,,,,,,,,,,,,,,,,,,,,1.0,,,
2020-02-27,,,,,,,,,,,,,,,,,,,,,,,,,,,,,,,,,,,,,,,,,,,,,,,,,,,,1.0,,,
2020-02-28,,,,,,,,,,,,,,,,,,,,,,,,,,,,,,,,,,,,,,,,,,,,,,,,,,,,1.0,,,
2020-02-29,,,,,,,,,,,,,,,,,,,,,,,,,,,,,,,,,,,,,,,,,,,,,,,,,,,,0.43902439024390244,,,
2020-03-01,,,,,,,,,,,,,,,,,,,,,,,,,1.0,,,,,,,,,,,,,,,,,,1.0,,,,,,,,,0.2956521739130435,,,
2020-03-02,,,,,,,,,,,,,,,,,,,,,,,,,1.0,,,,,,,,,,,,,,,,,,1.0,,,,,,,,,0.22108843537414966,,,
2020-03-03,,,,,,,,,,,,,,,,,,,,,,,,,1.0,,,,,,,,,,,,,,,,,,0.25,,,,,,,,,0.17408123791102514,,,
2020-03-04,,,,0.06896551724137931,,0.1029126213592233,,,,,0.07692307692307693,1.0,,,,0.03125,,,,,,,,,1.0,,,,,,,0.16666666666666666,,,0.1111111111111111,1.0,,,,0.09375,,,0.15384615384615385,0.0,,,1.0,,,,,0.16819973718791065,,0.05,
2020-03-05,,,,0.06666666666666667,,0.1029126213592233,0.0,,,0.0,0.225,1.0,,,,0.029411764705882353,,,,,,,0.0,,0.9,,,,,0.0,0.06666666666666667,0.1111111111111111,1.0,,0.22448979591836735,1.0,,0.0,,0.0625,,,0.10526315789473684,0.0,,1.0,1.0,,,0.0,,0.15939447907390916,,0.05,
2020-03-06,,0.0,,0.08333333333333333,0.0,0.11494252873563218,0.041666666666666664,,0.0,0.0,0.140625,1.0,,,,0.02702702702702703,1.0,0.0,0.0,0.0,,,0.10344827586206896,,0.9245283018867925,0.0,,,,0.0,0.06666666666666667,0.09090909090909091,1.0,0.0,0.264,1.0,,0.0,,0.04477611940298507,1.0,,0.15,0.0,,1.0,1.0,,,0.0,,0.13650594865372573,0.0,0.03125,
2020-03-07,,0.0,,0.10204081632653061,0.0,0.12994350282485875,0.12698412698412698,,0.0,0.0,0.12280701754385964,1.0,,1.0,0.0,0.030456852791878174,1.0,0.0,0.0,0.1,,0.0,0.06818181818181818,,0.8767123287671232,0.02040816326530612,,,0.0,0.05555555555555555,0.06666666666666667,0.09090909090909091,1.0,0.0,0.4523809523809524,1.0,,0.0,1.0,0.08333333333333333,1.0,,0.0625,0.2,0.0,1.0,1.0,1.0,0.038461538461538464,0.0,,0.12787212787212787,0.0,0.03125,
2020-03-08,,0.0,,0.10204081632653061,0.0,0.16,0.07142857142857142,0.03333333333333333,0.0,0.09090909090909091,0.1259259259259259,1.0,,1.0,0.0,0.030456852791878174,1.0,0.0,0.08333333333333333,0.07142857142857142,0.0,0.0,0.05454545454545454,,0.865979381443299,0.02040816326530612,,1.0,0.0,0.05555555555555555,0.06666666666666667,0.09523809523809523,0.16216216216216217,0.0,0.5329949238578681,1.0,,0.0,0.1111111111111111,0.12280701754385964,1.0,,0.09090909090909091,0.2,0.0,1.0,1.0,1.0,0.03225806451612903,0.05263157894736842,,0.12554455445544555,0.0,0.03125,
2020-03-09,,0.0,,0.10204081632653061,0.0,0.1417910447761194,0.06338028169014084,0.02127659574468085,0.0,0.06666666666666667,0.11392405063291139,1.0,,1.0,0.0,0.03535353535353535,1.0,0.10344827586206896,0.08333333333333333,0.19047619047619047,0.16666666666666666,0.0,0.0641025641025641,,0.8758620689655172,0.024390243902439025,,1.0,0.0,0.07692307692307693,0.06666666666666667,0.09523809523809523,0.2391304347826087,0.0,0.6068376068376068,1.0,,0.21428571428571427,0.1111111111111111,0.0782122905027933,1.0,,0.09090909090909091,0.22580645161290322,0.0,1.0,1.0,1.0,0.02702702702702703,0.07317073170731707,,0.10647887323943662,0.0,0.02702702702702703,
2020-03-10,,0.0,,0.10526315789473684,0.0,0.16160388821385177,0.07792207792207792,0.03571428571428571,0.0,0.22727272727272727,0.07883817427385892,1.0,,1.0,0.0,0.07224334600760456,0.16666666666666666,0.2,0.05555555555555555,0.17647058823529413,0.08333333333333333,0.0,0.06315789473684211,,0.9017632241813602,0.022222222222222223,,1.0,0.0,0.06,0.06666666666666667,0.09523809523809523,0.2542372881355932,0.0,0.6528301886792452,1.0,0.0,0.17647058823529413,0.11764705882352941,0.06578947368421052,1.0,,0.04918032786885246,0.22580645161290322,0.0,1.0,1.0,1.0,0.01639344262295082,0.13114754098360656,,0.0914714151827554,0.0,0.05263157894736842,
2020-03-11,0.0,0.0,,0.1323529411764706,0.0,0.14631873252562907,0.1003584229390681,0.04054054054054054,0.05555555555555555,0.2,0.0851063829787234,1.0,,1.0,0.0,0.07224334600760456,0.23255813953488372,0.22033898305084745,0.023809523809523808,0.14814814814814814,0.13953488372093023,0.0,0.08737864077669903,,0.8971119133574007,0.02252252252252252,0.0,1.0,0.0,0.09615384615384616,0.028901734104046242,0.09523809523809523,0.2962962962962963,0.03333333333333333,0.7012987012987013,1.0,0.0,0.16,0.11764705882352941,0.06229508196721312,0.15384615384615385,,0.050505050505050504,0.21951219512195122,0.2777777777777778,0.12280701754385964,1.0,1.0,0.021505376344086023,0.13043478260869565,,0.08175355450236967,0.0,0.06521739130434782,
2020-03-12,0.0,0.0,,0.0989010989010989,0.2,0.1806797853309481,0.13119533527696792,0.06315789473684211,0.14814814814814814,0.3333333333333333,0.0960960960960961,1.0,,1.0,0.0,0.0859106529209622,0.1875,0.1728395061728395,0.08888888888888889,0.125,0.27450980392156865,0.015151515151515152,0.11320754716981132,1.0,0.8852459016393442,0.028481012658227847,0.023809523809523808,0.015384615384615385,0.02857142857142857,0.1111111111111111,0.04,0.06,0.28846153846153844,0.03125,0.7012987012987013,0.16666666666666666,0.07692307692307693,0.14285714285714285,0.07692307692307693,0.06229508196721312,0.15942028985507245,,0.050505050505050504,0.1724137931034483,0.22857142857142856,0.18556701030927836,1.0,0.02962962962962963,0.014492753623188406,0.12686567164179105,,0.07032212638619961,0.0,0.08695652173913043,1.0
2020-03-13,0.08333333333333333,0.016666666666666666,,0.08737864077669903,0.23076923076923078,0.1806797853309481,0.12080536912751678,0.05714285714285714,0.11764705882352941,0.3333333333333333,0.0946969696969697,1.0,,1.0,0.0,0.09815950920245399,0.1643835616438356,0.16161616161616163,0.06060606060606061,0.09322033898305085,0.4931506849315068,0.031914893617021274,0.15315315315315314,1.0,0.8766233766233766,0.025225225225225224,0.08888888888888889,0.0273972602739726,0.017857142857142856,0.13978494623655913,0.061452513966480445,0.06,0.3401360544217687,0.05,0.1315625,0.1485148514851485,0.025,0.20634920634920634,0.07692307692307693,0.08174386920980926,0.2265193370165746,,0.08974358974358974,0.13793103448275862,0.10975609756097561,0.18309859154929578,1.0,0.043795620437956206,0.021929824561403508,0.20408163265306123,,0.06505993205563745,0.0,0.10106382978723404,1.0
2020-03-14,0.21428571428571427,0.006944444444444444,,0.09022556390977443,0.15584415584415584,0.21575342465753425,0.1420534458509142,0.08088235294117647,0.14285714285714285,0.1694915254237288,0.13873873873873874,1.0,,1.0,0.011363636363636364,0.1270718232044199,0.16853932584269662,0.17,0.06060606060606061,0.0915032679738562,0.31875,0.031914893617021274,0.21666666666666667,1.0,0.8536759457530335,0.024193548387096774,0.06666666666666667,0.0425531914893617,0.046296296296296294,0.14893617021276595,0.10638297872340426,0.0319634703196347,0.3401360544217687,0.04048582995951417,0.15864365728125945,0.14375,0.01818181818181818,0.20634920634920634,0.1,0.08174386920980926,0.1865079365079365,,0.09174311926605505,0.10569105691056911,0.04712041884816754,0.19753086419753085,1.0,0.043795620437956206,0.023529411764705882,0.20408163265306123,,0.06527313266443702,0.0,0.10106382978723404,1.0
2020-03-15,0.3,0.006944444444444444,,0.09022556390977443,0.13445378151260504,0.24234904880066171,0.17282321899736147,0.13793103448275862,0.14285714285714285,0.16842105263157894,0.14609571788413098,1.0,,1.0,0.027932960893854747,0.12475633528265107,0.15702479338842976,0.1782178217821782,0.055944055944055944,0.1032258064516129,0.36585365853658536,0.031914893617021274,0.248,0.09876543209876543,0.8783382789317508,0.02461322081575246,0.10638297872340426,0.03937007874015748,0.06363636363636363,0.17525773195876287,0.1111111111111111,0.045774647887323945,0.44954128440366975,0.026262626262626262,0.13827769347496208,0.12355212355212356,0.010416666666666666,0.2057142857142857,0.07086614173228346,0.07894736842105263,0.23507462686567165,,0.06872852233676977,0.10982658959537572,0.026785714285714284,0.1989795918367347,1.0,0.1761006289308176,0.02877697841726619,0.11029411764705882,,0.06504354912647074,0.0,0.0953757225433526,1.0
2020-03-16,0.5,0.006944444444444444,,0.1258741258741259,0.14285714285714285,0.04028379028379028,0.17282321899736147,0.17218543046357615,0.18181818181818182,0.1504424778761062,0.1709090909090909,1.0,0.11538461538461539,1.0,0.018518518518518517,0.09073170731707317,0.17266187050359713,0.20952380952380953,0.062146892655367235,0.08235294117647059,0.3795379537953795,0.02176696542893726,0.2824427480916031,0.07484567901234568,0.8766439909297052,0.028526148969889066,0.04152249134948097,0.03529411764705882,0.03414634146341464,0.09574468085106383,0.2112676056338028,0.045774647887323945,0.5973154362416108,0.029159519725557463,0.17294738758419806,0.10030395136778116,0.008064516129032258,0.2631578947368421,0.05434782608695652,0.06310679611650485,0.10187667560321716,0.35714285714285715,0.06382978723404255,0.10646387832699619,0.01984126984126984,0.16149068322981366,1.0,0.22941176470588234,0.03373015873015873,0.10429447852760736,1.0,0.06427028569099727,0.0,0.0852994555353902,1.0
2020-03-17,0.5625,0.008902077151335312,,0.12345679012345678,0.1004566210045662,0.057065217391304345,0.13157894736842105,0.2469879518072289,0.3076923076923077,0.1746031746031746,0.16518650088809947,1.0,0.10869565217391304,1.0,0.019830028328611898,0.10607071380920614,0.18867924528301888,0.2169811320754717,0.037783375314861464,0.0694006309148265,0.32387706855791965,0.02397003745318352,0.37748344370860926,0.067390062821245,0.7926465717124875,0.025684931506849314,0.05398457583547558,0.037209302325581395,0.02572347266881029,0.09251101321585903,0.24663677130044842,0.0456989247311828,0.6209302325581395,0.018081761006289308,0.23591451568137664,0.07782101167315175,0.013452914798206279,0.32367149758454106,0.06439393939393939,0.06385869565217392,0.09846153846153846,0.2777777777777778,0.0539906103286385,0.09593023255813954,0.019572953736654804,0.18114143920595532,0.050473186119873815,0.2802197802197802,0.03166666666666667,0.0651750972762646,1.0,0.06303744561307342,0.0,0.06486486486486487,0.09523809523809523
2020-03-18,0.6216216216216216,0.014563106796116505,,0.1590909090909091,0.12267657992565056,0.07111266294227188,0.10166666666666667,0.35233160621761656,0.4098360655737705,0.1834319526627219,0.20402858999350226,0.1306366047745358,0.12307692307692308,0.1308411214953271,0.019230769230769232,0.14041930765480254,0.20207253886010362,0.25892857142857145,0.03695150115473441,0.06842105263157895,0.41739130434782606,0.025102159953298307,0.4748603351955307,0.06869220607661823,0.7056686046511628,0.027878349022447502,0.06627680311890838,0.04887218045112782,0.019646365422396856,0.10434782608695652,0.24663677130044842,0.04823747680890538,0.6920583468395461,0.0118946474086661,0.1631842159347811,0.03405405405405405,0.021897810218978103,0.38596491228070173,0.07125307125307126,0.06286672254819782,0.10075757575757575,0.1388888888888889,0.05759162303664921,0.09331259720062209,0.019572953736654804,0.21923937360178972,0.043523859465128475,0.3247422680412371,0.031914893617021274,0.06025039123630673,1.0,0.06271725681965475,0.008130081300813009,0.0629827688651218,0.07772020725388601
2020-03-19,0.7083333333333334,0.0136986301369863,,0.2009132420091324,0.12921348314606743,0.09514983008958913,0.09278350515463918,0.13714285714285715,0.45454545454545453,0.203125,0.20280811232449297,0.1567449481157837,0.14814814814814814,0.14678899082568808,0.023404255319148935,0.13409596441054972,0.14736842105263157,0.3140495867768595,0.07538802660753881,0.07157464212678936,0.43105590062111804,0.025765678172095283,0.5323383084577115,0.07276771528439784,0.6552057175970639,0.029295589203423306,0.08305647840531562,0.07228915662650602,0.015523932729624839,0.10112359550561797,0.05520046484601976,0.05909090909090909,0.7794117647058824,0.012513407222023596,0.18632202477113624,0.038722554890219564,0.02952755905511811,0.4594594594594595,0.08627450980392157,0.062103034580098804,0.10317902955939766,0.08196721311475409,0.06303724928366762,0.09331259720062209,0.019572953736654804,0.3061630218687873,0.06072186836518047,0.05111402359108781,0.03535353535353535,0.048881955278211126,1.0,0.06391211759206357,0.013793103448275862,0.06604175543246697,0.06228373702422145
2020-03-20,0.7431192660550459,0.017191977077363897,,0.23550724637681159,0.21476510067114093,0.092539392356577,0.09383468834688347,0.24310776942355888,0.5135135135135135,0.12412587412587413,0.2175732217573222,0.1760268231349539,0.14,0.17333333333333334,0.037520391517128875,0.13665031534688157,0.14259927797833935,0.06550218340611354,0.09544468546637744,0.07355242566510173,0.4543707973102786,0.024558380008616976,0.6131687242798354,0.07641761985884643,0.5945666617451646,0.02982365145228216,0.1032258064516129,0.11298076923076923,0.01689545934530095,0.11764705882352941,0.05188005711565921,0.05576679340937896,0.7712305025996534,0.011274252753015208,0.21901501834890677,0.04237550262913702,0.024390243902439025,0.5469255663430421,0.08347529812606473,0.0538497874350496,0.09429978888106967,0.109375,0.06323185011709602,0.0886214442013129,0.0206794682422452,0.28824273072060685,0.03676331248815615,0.05216581276199348,0.04395604395604396,0.04903225806451613,1.0,0.06492225301827406,0.030973451327433628,0.056268779022125105,0.054285714285714284
2020-03-21,0.8157894736842105,0.018134715025906734,,0.3023255813953488,0.17226277372262774,0.10209131545338442,0.09864130434782609,0.08434782608695653,0.5555555555555556,0.1320754716981132,0.09092165261848832,0.16546997389033943,0.12195121951219512,0.22981366459627328,0.03402854006586169,0.12065374138759814,0.15126050420168066,0.06087735004476276,0.11652542372881355,0.0703125,0.21014492753623187,0.03123662815575524,0.6690140845070423,0.0815311004784689,0.5514018691588785,0.03374083129584352,0.16766467065868262,0.16515837104072398,0.017152658662092625,0.09644670050761421,0.049441786283891544,0.053501945525291826,0.8186304750154226,0.014890282131661442,0.2279199771111649,0.034874905231235785,0.023952095808383235,0.6382428940568475,0.0864600326264274,0.0538497874350496,0.08967851099830795,0.12804878048780488,0.07112068965517242,0.10803127221037669,0.019858156028368795,0.10183914356299753,0.04661146887457835,0.053125,0.045936395759717315,0.05448028673835126,1.0,0.06585040071237756,0.03225806451612903,0.05724180077408841,0.049891540130151846
2020-03-22,0.08614232209737828,0.022727272727272728,,0.35023041474654376,0.18835616438356165,0.11962616822429907,0.1043956043956044,0.07193548387096774,0.6086956521739131,0.09289099526066351,0.09410430839002268,0.14925373134328357,0.17647058823529413,0.15434083601286175,0.03451109285127362,0.12608173076923077,0.13453815261044177,0.06896551724137931,0.13305613305613306,0.06301718650541056,0.23927958833619212,0.037824054398640033,0.7218934911242604,0.09081852897227295,0.5786606129398411,0.03611111111111111,0.1566994700984103,0.19607843137254902,0.026338147833474938,0.1188118811881188,0.07202426080363912,0.05187549880287311,0.8540829986613119,0.011927181418706842,0.24703180729955537,0.03960857409133271,0.021739130434782608,0.714867617107943,0.09103260869565218,0.053223140495867766,0.08800293955539225,0.11165048543689321,0.08177339901477833,0.11739915713425647,0.02759526938239159,0.13370399788191686,0.038145271813613525,0.049064787205204664,0.059375,0.06562780940964938,1.0,0.06709961333874517,0.030226700251889168,0.0582010582010582,0.05194805194805195
2020-03-23,0.09115720524017468,0.022727272727272728,,0.4616724738675958,0.16111111111111112,0.12118881118881118,0.108719646799117,0.09222222222222222,0.6538461538461539,0.09438567941415785,0.09571685466732058,0.152298283685145,0.15263157894736842,0.018598472268349386,0.03466076696165192,0.1291599025974026,0.13214285714285715,0.04888268156424581,0.16432865731462926,0.055734190782422297,0.19704102219233355,0.03692201518288475,0.7539267015706806,0.07583044402192149,0.5520694259012016,0.049515381373788456,0.1788793103448276,0.33152173913043476,0.0288135593220339,0.12315270935960591,0.06559571619812583,0.05371900826446281,0.8879175772713082,0.012068325287783142,0.2666402687478445,0.03519791419767718,0.021691973969631236,0.7594501718213058,0.10451612903225807,0.04973958333333333,0.08896256389004006,0.1409090909090909,0.08486789431545236,0.1689342403628118,0.035443037974683546,0.15821970671469,0.035007458975634016,0.05092133940955023,0.06377383300460224,0.06870435488233703,1.0,0.0691481197237145,0.034782608695652174,0.055719260648272165,0.042071197411003236
2020-03-24,0.0926324859974149,0.03522504892367906,,0.5328358208955224,0.1871244635193133,0.13514208563713515,0.11568123393316196,0.11660377358490566,0.7165354330708661,0.10285285285285285,0.09711809615516885,0.18708971553610504,0.13733905579399142,0.021003818876159302,0.02581311306143521,0.13383904438050398,0.1245308768338451,0.05084050840508405,0.04487179487179487,0.06574761399787911,0.161339067767058,0.039821599235425297,0.7878103837471784,0.07695658487004502,0.5263544986516303,0.045079146593255334,0.17094017094017094,0.33152173913043476,0.027235050325636473,0.05063291139240506,0.06568998109640832,0.06524547803617571,0.30625,0.013895864724594007,0.2811986413936671,0.046609673263848225,0.0228494623655914,0.8011363636363636,0.12604042806183116,0.04584338670761132,0.08963555930061091,0.1270358306188925,0.09365558912386707,0.129004329004329,0.036585365853658534,0.05963876967095851,0.03671532193068864,0.051348102352739136,0.07378984651711924,0.06487695749440715,1.0,0.07038276511190128,0.031746031746031744,0.05256498734759604,0.03924221921515562
2020-03-25,0.10064011379800854,0.024837374334713187,,0.5821474773609314,0.163075131042516,0.1288575180564675,0.11842617841838722,0.14835537470328924,0.7615894039735099,0.11394769613947696,0.09861632270168856,0.20181259103414792,0.13703703703703704,0.02023836294130875,0.037244897959183676,0.13125483848265185,0.14213349225268176,0.05325009181050312,0.050683829444891394,0.051952349437458634,0.15675486857043053,0.04479855682501503,0.8181818181818182,0.08774851145423353,0.4836610262382681,0.025010893246187365,0.19402985074626866,0.4910344827586207,0.026486756621689155,0.04468864468864469,0.07020997375328084,0.04383116883116883,0.2963511512050626,0.014615609470914937,0.2977512345500053,0.04805033844980456,0.021996615905245348,0.047683554592251425,0.1692466460268318,0.04584338670761132,0.09147727272727273,0.13858695652173914,0.09469153515064563,0.15548221488815547,0.047674418604651166,0.06646320786707359,0.07218022824959242,0.05060699137048413,0.08121827411167512,0.07281191806331472,0.2361111111111111,0.07176634660083676,0.04887218045112782,0.05480607082630692,0.04408817635270541
2020-03-26,0.12344474262015126,0.031720430107526884,,0.6244588744588745,0.1821642196846112,0.14745413519081724,0.13467261904761904,0.15247852945607956,0.7831325301204819,0.12439418416801293,0.09024371551195585,0.17084920457091643,0.1461038961038961,0.02133872416891285,0.05621572212065813,0.15260657807708497,0.13867985379488282,0.06492564381574174,0.05531774777741192,0.06,0.12784957568362082,0.04367427444350521,0.8605341246290801,0.09803341086910553,0.4297808764940239,0.026718146718146717,0.17471181556195967,0.5763490241102182,0.03228740336516599,0.044055522027761015,0.08207934336525308,0.04365838113448056,0.33481034230900325,0.014371872192993712,0.3051333289654721,0.04926413632842758,0.024868483978957436,0.05006930006930007,0.20563847429519072,0.04491758241758242,0.09306045895851721,0.14512471655328799,0.1156271899088998,0.16503800217155265,0.022783556215948488,0.06418941578912067,0.06516056758775206,0.052140077821011675,0.06316148856264937,0.07432541606075295,0.2361111111111111,0.07341768365637712,0.04713493530499076,0.05752644426362897,0.04796380090497738
2020-03-27,0.12303500314399497,0.028894472361809045,,0.08985471859357831,0.19781931464174454,0.18246389764335105,0.14127642758348152,0.15369047619047618,0.8190954773869347,0.12338262476894639,0.08933475493522018,0.20283831728332488,0.1457142857142857,0.023750840241989694,0.06615330766538327,0.14046977996472007,0.14143598615916955,0.05911949685534591,0.05887496356747304,0.061752988047808766,0.12856407135165504,0.047164514317798986,0.8917050691244239,0.10719510120768838,0.4065639966194009,0.028422480896950653,0.18445364765848996,0.6445086705202312,0.04002965159377316,0.04604550379198267,0.0798984468339307,0.044469462426118773,0.3478243733249251,0.01597556678021849,0.3062372644130824,0.05040961945031713,0.02608346709470305,0.05642959948384535,0.22901849217638692,0.04639175257731959,0.09546354480502711,0.13210702341137123,0.08090872857712236,0.16503800217155265,0.023721881390593048,0.07476228947859051,0.07314290543395588,0.05192557334487235,0.0691333982473223,0.08232247512607332,0.25675675675675674,0.07523695850593273,0.04097035040431267,0.06022028322128451,0.0546448087431694
2020-03-28,0.14262295081967213,0.02909962341663814,,0.10482708933717579,0.12088569718731298,0.18430454112416642,0.1485097636176773,0.15369047619047618,0.856,0.12087475149105367,0.09616908175521992,0.21409827164962447,0.1553672316384181,0.02680366316729953,0.06438969764837627,0.13695029618296653,0.14654454621149043,0.06377059704686497,0.06637843336724314,0.058949834081592815,0.13175152020984857,0.058529819694868236,0.07930924208506555,0.11855273287143957,0.39569663400085214,0.027342054684109367,0.20570896680111697,0.07673992673992674,0.03810930576070901,0.048,0.07287021825862473,0.04865990111891751,0.36460176991150445,0.020347288803664643,0.33551374299383074,0.0533462657613967,0.028699861687413553,0.06886080909001861,0.24213230571612074,0.04709005112072356,0.09823245848955543,0.11918951132300358,0.08597122302158273,0.1828978622327791,0.02556390977443609,0.07487185080161414,0.08123515439429929,0.053217821782178217,0.06830122591943957,0.08062404538511891,0.171875,0.07641871113700097,0.03955500618046971,0.060970347080944454,0.05266538214515093
2020-03-29,0.16152304609218437,0.03059388122375525,,0.06624855824682814,0.12337098175499565,0.21738964847469247,0.15524254293461887,0.16747899159663865,0.8656716417910447,0.12166488794023479,0.09802382491458121,0.21099968163005411,0.14358974358974358,0.02157142857142857,0.0609528257823447,0.16555003241841365,0.1540183112919634,0.0628154795288839,0.07068468867715488,0.07110629850207544,0.12701374188224318,0.06937208664655882,0.09114985654380932,0.12422614479406498,0.38970645487814376,0.028487285495837344,0.22845087402049427,0.06766249495357288,0.03583895741214801,0.05202312138728324,0.08065573770491803,0.045166737019839594,0.3759901129150048,0.02153370888606215,0.34528312833604086,0.05489575085774611,0.028381117868520128,0.07999032180014518,0.26254589963280295,0.04796079117801506,0.10144970856374234,0.13119834710743802,0.09380982769623485,0.2042755344418052,0.027976375505129002,0.07470593953533586,0.09906832298136646,0.05138283427428,0.06846750468039582,0.08389103591290414,0.15753424657534246,0.07772034424864165,0.04009936124911285,0.06296002717699015,0.0524390243902439
2020-03-30,0.13108499923699068,0.031198686371100164,,0.06903753207231936,0.08247602441150828,0.23881315750481552,0.17098411871908356,0.1760958904109589,0.1064516129032258,0.1300681154719429,0.10192185928712429,0.2207639107198994,0.14146341463414633,0.021875,0.06587335316617085,0.16609735269000853,0.1531995196431635,0.06437898572730033,0.07476635514018691,0.07294782319707543,0.11826756383510123,0.07495230307985827,0.09593319302057166,0.13202083187370092,0.33976436853260195,0.030602486452024225,0.2208029197080292,0.0724271162627327,0.039638386648122394,0.053133015756687434,0.08987962550156041,0.055087719298245616,0.3974199713330148,0.02120046515788532,0.35661346719008086,0.06264378834355828,0.02840761011206672,0.07087076076993584,0.2849526066350711,0.047038733214313434,0.1079389393619269,0.15746606334841629,0.11200891613262748,0.18190757128810225,0.028220173232746577,0.07869893580501201,0.08018394648829431,0.050365556458164096,0.0730491149339317,0.08473168300382124,0.19230769230769232,0.07980173482032218,0.04051446945337621,0.0714996779293787,0.04860392967942089
2020-03-31,0.1347712597884325,0.03204955561540533,0.0,0.0665427701202829,0.0806849737735267,0.255759896082587,0.17098411871908356,0.19360029708485485,0.07945205479452055,0.13175405908969923,0.10454777889579862,0.24281564798220134,0.15681818181818183,0.02351585014409222,0.07265406162464987,0.17016323633782826,0.16144470201151573,0.06729857819905213,0.07890855457227139,0.07048458149779736,0.13439577078040393,0.04741042090439681,0.10043562439496612,0.13885990502757609,0.3312043286662576,0.03179979777553084,0.2094322753687975,0.08324446396085565,0.04164780443639656,0.05543022881082823,0.09437001865355266,0.054828007682905536,0.4084503965219671,0.02243154785662968,0.3693965475227355,0.06483164546005367,0.02959830866807611,0.075331437771916,0.3149386845039019,0.049905974251410384,0.11398512521182451,0.16666666666666666,0.12332912988650693,0.1900333391823127,0.029055690072639227,0.08183479532163743,0.07596762188314105,0.04791227785880192,0.07495900679315999,0.09327662114767554,0.19230769230769232,0.08094836274992383,0.0391020999275887,0.07214567980348179,0.051707779886148005
2020-04-01,0.13853871880627733,0.028894199435150987,0.0,0.06710038940070281,0.07357016880826404,0.27249640792595314,0.17603418600510415,0.21427710843373493,0.0839607574720511,0.15228690228690228,0.10461163588231755,0.22818065531831153,0.15942028985507245,0.023294881845671408,0.07953340402969247,0.1728407290015848,0.17843478260869566,0.06990958869221954,0.08179195655862888,0.07821598729486501,0.14033554701153442,0.053482587064676616,0.10328858361952337,0.1475736032764083,0.32119626168224297,0.032513803029588034,0.22424242424242424,0.0907212945429506,0.0422936152907686,0.05698778833107191,0.09993749023284888,0.06484375,0.42276129326393375,0.02379154078549849,0.3789931184353495,0.06035895286362077,0.031604718450923656,0.08622499069027388,0.36553126588713775,0.0530565167243368,0.12035578039475867,0.1687315634218289,0.12872413008869685,0.20439456212456528,0.031994047619047616,0.08267595217552078,0.08351965229746955,0.047810270704398354,0.0794072107940721,0.09671532846715329,0.19230769230769232,0.08171452702702703,0.04174863387978142,0.07609602827826599,0.05536626916524702
2020-04-02,0.1411401098901099,0.028474711270410194,0.0,0.07036857633537363,0.07544291915992021,0.2785151515151515,0.17924376508447304,0.20896174863387978,0.07924984875983061,0.12879684418145956,0.10362761333057338,0.2329572679357059,0.15648854961832062,0.024655963302752295,0.09187036528426257,0.17626443100604727,0.18661344795824378,0.07083525611444393,0.0834972016336409,0.08607594936708861,0.17910973652272638,0.05816831683168317,0.10984402243061119,0.15656672670127486,0.3173429245813195,0.03313387514512816,0.1984822934232715,0.09317685312198344,0.04266917293233083,0.05823863636363636,0.10380179410508329,0.06391498536885877,0.43292167145998983,0.02590821497394904,0.3865879940577072,0.0647512116879947,0.031927710843373494,0.08310899822441148,0.4099813432835821,0.0513521914827479,0.1282304346236795,0.16458333333333333,0.12961136318800554,0.22215868477483916,0.03765403925148334,0.0821993008003236,0.09212888967817044,0.05059117245277686,0.08169250104733976,0.09699243845585309,0.1813186813186813,0.08180485386716731,0.03950482432186419,0.07846872590375108,0.05793742757821553
2020-04-03,0.14887202411893127,0.026097074468085107,0.0,0.07169780731974223,0.07258480255696463,0.3031444759206799,0.18264661212091518,0.24551586310267298,0.08264462809917356,0.13556590257879655,0.10450055602799764,0.23079358796754404,0.15469613259668508,0.027166142407778097,0.11214600377595972,0.1853146853146853,0.19271096159237455,0.07394477943509997,0.08764489680520215,0.06013745704467354,0.19194705937179607,0.06625766871165645,0.11642043056141832,0.16357083888994728,0.31176157965741386,0.03256697073513023,0.2222222222222222,0.0984163949697252,0.043579626972740315,0.0585396558959295,0.10418387007982384,0.06790473490218316,0.442869205813075,0.02727026661253214,0.39483724857976354,0.06623836951705804,0.02983787512935495,0.08630618892508143,0.4290056448111159,0.05156590570150281,0.1355550189165258,0.1557478368355995,0.1273805246137262,0.22215868477483916,0.03912133891213389,0.0810539390575861,0.09558137866724051,0.05138568129330254,0.0863849765258216,0.10586687713759536,0.19791666666666666,0.08199355298701559,0.03722318203235433,0.07871876157931575,0.056524773203070484
2020-04-04,0.14558186676494977,0.028311258278145696,0.0,0.07433726067746686,0.071648987463838,0.10576956904133684,0.1890716324588827,0.23950247401153024,0.09169630431421061,0.14010562286424355,0.10885986655824116,0.23427397885449153,0.16460176991150444,0.025981430200358365,0.11420518602029313,0.19329613109124502,0.19964646464646466,0.0767578125,0.092108735814199,0.05336501412792191,0.21361414065438133,0.06968215158924206,0.12202264740335807,0.16907363282385077,0.30473977695167287,0.03402430869684931,0.22085610200364297,0.09198956032925115,0.04290108466893314,0.05967651979921919,0.10777702159252614,0.07195203197868089,0.4528371994267212,0.031665813715455474,0.400901202661298,0.06195032625796301,0.029966167230546157,0.08929808220486733,0.45973819912733044,0.056975019961218204,0.1430386977009853,0.14785737651292116,0.12613458528951488,0.10467401987550508,0.04058192955589587,0.08023483365949119,0.09584163385672381,0.050921798666333846,0.08898157803267293,0.1116833704528582,0.17857142857142858,0.0819572643716414,0.03669008587041374,0.08132147395171538,0.05970625798212005
2020-04-05,0.13732986695213337,0.029439847231063018,0.0,0.08278000729660707,0.07383027930973136,0.1153149751572516,0.19100418410041842,0.24387623549634724,0.09622533600228768,0.14603453321627158,0.10714789601777715,0.23882581201494682,0.18512396694214875,0.02709378618294095,0.10496053016275217,0.19083464727124766,0.19472894225675438,0.0800664145374043,0.09084275811747537,0.055032107063553985,0.21566514711976792,0.07166819152180542,0.12735998870734375,0.17232898411772063,0.30341289854571835,0.03491802666467491,0.22693266832917705,0.08686557304855225,0.04331364531273663,0.06130721161965884,0.1090844275444121,0.07731573705179283,0.45645400774042794,0.03226764915616829,0.40370186581976975,0.06455237857410413,0.030499484308236333,0.09239875674193254,0.4719185827365247,0.05178432893716059,0.1479986113075568,0.1338782412626832,0.12839437404261245,0.10797849915682968,0.04291078133381012,0.08019867549668874,0.09602751698666441,0.05195519875695973,0.08520320100423662,0.11140213763677073,0.1693548387096774,0.08205098649453442,0.03665987780040733,0.08262866307041843,0.06085881989496447
2020-04-06,0.13328818151032848,0.027749527822170564,0.0,0.075490256347206,0.0681198910081744,0.1220802002878286,0.19206145966709348,0.2587873791501162,0.09622533600228768,0.14718905138870253,0.10808442980677191,0.2338683890771887,0.18284789644012944,0.027428655921928138,0.10013642564802183,0.1948142734581043,0.18876713374823412,0.08155875506509182,0.09302069572875385,0.05088719560931422,0.2149466500881936,0.07575527554273569,0.1365769659317284,0.17969107626309525,0.3041794416653219,0.03505403868031855,0.08532155130093275,0.09123512652924418,0.04403534609720177,0.060262266096950054,0.11078336831357423,0.07992831541218638,0.46151945367957586,0.03260869565217391,0.4073706948951252,0.07047095221725679,0.031193678081242203,0.09198395965108107,0.48272098945070935,0.05192422365946516,0.15479285424666683,0.1300380228136882,0.12757929489446998,0.10797849915682968,0.04784053156146179,0.08029567053854277,0.08524198366859191,0.050158711145714796,0.0853622327790974,0.11736878593858326,0.16226415094339622,0.08185607622188631,0.03470824949698189,0.08409733232232715,0.053448714685670654
2020-04-07,0.14206221507106462,0.03081151453782728,0.0,0.07715355805243446,0.06936500953218946,0.12089553376159233,0.19244651162790696,0.26797768287642926,0.10846189808321646,0.15479994886872045,0.10673701886191572,0.26156082223474625,0.18615384615384614,0.028577758085954807,0.10403699093010849,0.1971279753244486,0.1914545960228063,0.0824028935367196,0.09459743535841918,0.05051365572538211,0.2181233674904561,0.07855304979567125,0.13820469851708983,0.1856121119767985,0.3032291618864057,0.03653451811346548,0.09320095391054656,0.09499827958334636,0.04566929133858268,0.061587214108569856,0.11196952626213853,0.0818639798488665,0.4676648345863078,0.03143184421534937,0.4083509283710426,0.07840416727520569,0.030767233545371933,0.0940634958102207,0.110734973294215,0.051332203242491416,0.15950174193124303,0.12623925974884337,0.11933637333850781,0.10206925675675675,0.05105296745373325,0.07826152740477361,0.09319902085753928,0.050163073281958036,0.08382738177305943,0.1163553848839239,0.16226415094339622,0.08174549017549385,0.03416535367775106,0.08292055323255065,0.05393258426966292
2020-04-08,0.12388871456960569,0.03197509903791738,0.0,0.07886818655248236,0.06882312456985547,0.11754145178284256,0.19324410906243325,0.26797768287642926,0.10846189808321646,0.173850054328142,0.10797574301004653,0.2552659396189445,0.1819505094614265,0.027064492705789162,0.10169776433013952,0.20086324034849332,0.19252324338332955,0.08198482027781756,0.10272021997446724,0.05318459544528791,0.20919833918875758,0.08105660377358491,0.14375227497270032,0.19067636878719685,0.31129893103917505,0.03752479432900855,0.09706808819966077,0.09753737906772207,0.04487699378210327,0.06519281497299334,0.11271029855100652,0.08586684101558244,0.4724047960484385,0.035693414250393345,0.4089135239201102,0.07969851350408264,0.029349859681945745,0.09651112652556194,0.11420007493443238,0.050439667806546164,0.1647993667417646,0.1268931641424478,0.11951862842070557,0.10359665502963383,0.05823947836395969,0.07704263661733017,0.09716594984312993,0.05111308007531288,0.08267819706498952,0.11894273127753303,0.156794425087108,0.08136262443819045,0.03682742128337983,0.08384290103738858,0.05437992125984252
2020-04-09,0.13295241753493062,0.03253495777377821,0.0,0.08117704018505568,0.0748444920072236,0.1119816513761468,0.1936710161306894,0.29204226613336515,0.12204246713852376,0.17457588262265017,0.10727045080597054,0.25717415115005476,0.17753120665742025,0.0276172941400546,0.09831617588380816,0.20309929876201194,0.19764727849873961,0.08481934148133306,0.10264501160092808,0.06174028714279162,0.210345263981408,0.0842358604091456,0.14893207156444893,0.19837033761804,0.32069675187162583,0.03845915649965938,0.10817537813517136,0.09193640567361147,0.0450381679389313,0.06530001151675688,0.11281061963162005,0.0825044497958329,0.4760336592283006,0.03633385138824716,0.40847250280296976,0.07636637453199188,0.029922135706340378,0.09845494328838082,0.08304157009714483,0.05154719631638506,0.1726103672278934,0.12681024879316746,0.139173180755903,0.10202068184309569,0.06254372463970898,0.07742819428896056,0.09638758550511617,0.05149454043207464,0.08609774626487718,0.12238842124386846,0.15488215488215487,0.08153113309367113,0.03772632186395441,0.08408872307557784,0.05542168674698795
2020-04-10,0.1411585655854656,0.03310010764262648,0.0,0.08247204113001537,0.06839953271028038,0.11811018845950881,0.19936912381710717,0.29039902998236333,0.11293756920194191,0.17744521646178515,0.10766443530062028,0.24883524389451103,0.16414141414141414,0.027370115796643755,0.10332976936001222,0.20435979754818512,0.1971175799086758,0.08700557888798345,0.10215524794112493,0.06970520421607378,0.20863675769397486,0.08780341624213366,0.15676745860331173,0.2038031276234357,0.3162372994281273,0.03941700595975689,0.11700867257475948,0.09324987727049583,0.04399180426660239,0.06788539662176608,0.11358741043562354,0.08224543080939947,0.48085410005021006,0.040261273894752383,0.4080357036026658,0.06779425795819238,0.02893422148209825,0.10035340515254469,0.08094206821873308,0.05154719631638506,0.17677558640582558,0.12401642148477592,0.14094851706771125,0.10875350388532094,0.07009284686805282,0.07742161499386933,0.1008572564337441,0.05156763652421373,0.08679245283018867,0.12716094644519021,0.15479876160990713,0.0811824329625155,0.038062521470285125,0.08453420769845425,0.05071156544397675
2020-04-11,0.15017177278930774,0.03323848939472323,0.0,0.08371576609918578,0.06599203358811498,0.1190111939221448,0.19936912381710717,0.2889709020612086,0.1332072412861389,0.177109273832055,0.10694315139389243,0.23511553707821714,0.16101694915254236,0.026524442416291143,0.1014240046498111,0.20814116268217778,0.1895958179268137,0.08813915479803876,0.10273029247346674,0.06970520421607378,0.2065108600319868,0.09188544152744631,0.16287734451077523,0.20909065860894002,0.3156392243534086,0.040306180092644896,0.12418915107643133,0.09320856110441954,0.04393427339470924,0.0701051577366049,0.11446983507864501,0.08434194224721243,0.4838135332340486,0.040261273894752383,0.40922037280602297,0.07139900319573461,0.02906746031746032,0.10335532734699278,0.08244328713920028,0.05035997649133118,0.18022854194235682,0.1236854496939256,0.12901631240731587,0.10656963413418404,0.07821089455272363,0.07652480995989705,0.10421212448043274,0.05184976260988107,0.08333333333333333,0.13360877917839944,0.1457142857142857,0.08109214173751225,0.03734144447320735,0.0847913862718708,0.047810954387250415
2020-04-12,0.16332298568317657,0.033839263498382684,0.0,0.08404379111353867,0.06490213974241964,0.11450758690261023,0.19766008086485246,0.29196991751576906,0.1332072412861389,0.1762218045112782,0.10590797415090313,0.22867426955355996,0.16101694915254236,0.027048085485307214,0.09833659491193737,0.20699856057973892,0.18658947021582056,0.09021145975443383,0.1008828189843809,0.07489721984776326,0.19794319765486088,0.0941824133313495,0.1652801221766739,0.21722125226798125,0.31015773506048816,0.04331792309131236,0.1298743753794424,0.0920353982300885,0.04341972399865365,0.07398746609297539,0.11523302588273536,0.08503432494279176,0.4880261963940506,0.040917328872159486,0.40878161009183256,0.07274014708958947,0.029758454106280193,0.10442262384769856,0.08655536028119508,0.0513139323879293,0.18282488589959164,0.13356164383561644,0.13095823095823095,0.10561654733492443,0.08535016953115866,0.07510222561795209,0.10827652108276521,0.05206402314961342,0.0795526482380249,0.13189946229836189,0.1457142857142857,0.08085112883023249,0.03758381005105493,0.08510584099651018,0.047810954387250415
2020-04-13,0.1279555890617504,0.03537675606641124,0.0,0.08540383417537546,0.0677754278023457,0.11707756624511478,0.20472105291202644,0.3019928231284841,0.1374788494077834,0.17880007316627036,0.10499625395628087,0.23351046105820664,0.14728682170542637,0.026480577372107832,0.09582689335394126,0.2082387867786098,0.184916589954871,0.09146341463414634,0.09924985574148874,0.07589113121472203,0.1944287683525918,0.05672029904111815,0.1726729918262449,0.21909496786432694,0.3101858574125163,0.04293855882582559,0.09495223341079266,0.09659240996742098,0.043306221147504945,0.07418884433102442,0.11667452089224002,0.0878914963861872,0.4988375595702446,0.0407996067507783,0.4077101411707156,0.07597652552533603,0.030702161209535294,0.10712311094729082,0.09051139594907914,0.05089810738729475,0.18644446499013806,0.1315751129243771,0.14403949470015973,0.10561654733492443,0.09642301710730948,0.07362687840409475,0.10437902511521775,0.05160853517373927,0.07582702271821443,0.13881307214801575,0.13672922252010725,0.08100544182430681,0.0375863104172921,0.08527999601960345,0.046109993293091886
2020-04-14,0.11703958691910499,0.03413991375179684,0.0,0.08631168359941944,0.07003927878472387,0.11541580946352271,0.1985184037994941,0.30516349992364916,0.14312418725617684,0.18238213399503722,0.10516290973521016,0.23016425277125982,0.1408898305084746,0.025952626158599383,0.09613603281725552,0.21015947060099804,0.18530108438185888,0.1005559968228753,0.10079875591998304,0.07675298879436346,0.1817061019067403,0.05947172257332685,0.1762790091749949,0.22145451394086457,0.3131422076867766,0.043194617874162226,0.0814984951686995,0.0976697653091,0.043209876543209874,0.0766927885885357,0.11582461273020517,0.08785529715762273,0.49239486599796817,0.0420706912730685,0.4051103591555927,0.07724596011623795,0.031238548919017957,0.10705724915810062,0.07725777353284517,0.05045885733708247,0.18966407495266815,0.1280699320105453,0.1419650655021834,0.10489489844119036,0.10628227194492254,0.0738668797807969,0.09984501628353144,0.051897753679318356,0.07504141896501315,0.14430699436428687,0.13527851458885942,0.08063925563764027,0.03756309425988966,0.08555544859453215,0.046109993293091886
2020-04-15,0.1206972444757461,0.033818097876269625,0.0,0.08744206576914589,0.07186040120912339,0.1128202285598145,0.20063163213744314,0.2942584209161797,0.1537169897725538,0.1906290672451193,0.10543349460678472,0.23384303323451397,0.1362704918032787,0.026107155481492703,0.09507728276399532,0.21032421383916736,0.18503595338457723,0.10040767024007248,0.10185437687482957,0.07979203523847347,0.1800324781838462,0.05186582244375589,0.1799042375768879,0.22574570653811388,0.31281982675005854,0.044953034143432234,0.0880710859479437,0.09987350036725699,0.04215798810393405,0.07681814306419985,0.11610920267582715,0.0936215683051126,0.4931919650606509,0.042831050228310505,0.4064146825547706,0.07553039350111312,0.032252363700627375,0.10888584525939177,0.07744960470926451,0.04986357230667746,0.1925369228980114,0.12488780612899089,0.1362706104954242,0.10526012725649958,0.11847043310680597,0.07514586629746836,0.10204861339832685,0.053387659091863736,0.07285821174710064,0.14716203672258824,0.13350785340314136,0.08057655295528716,0.03975985500679655,0.08644040235091877,0.04534681624269237
2020-04-16,0.11939765326591739,0.03434459072696051,0.0,0.08932866365669438,0.07144432194046306,0.10625811688311688,0.20427799570720154,0.29900982643725765,0.15543071161048688,0.1934156378600823,0.104434247974896,0.2306333622808696,0.13260219341974078,0.025603864734299518,0.0977096416697451,0.20991279804876456,0.18667710065538493,0.10355501813784765,0.09849894554025555,0.0808854681542155,0.17799756687153398,0.05352339967724583,0.18326733851095287,0.22787011711901256,0.31036421101754236,0.04587882423515297,0.09433814916048419,0.10091217817090507,0.04176731078904992,0.0774361477143322,0.11672700432322239,0.0936215683051126,0.4960613844431272,0.04443912080014374,0.4037277120994444,0.07706191745279693,0.033578263841421735,0.11242650988776055,0.07628078578594777,0.04968801877611769,0.196048632218845,0.12479061976549413,0.13675883694412772,0.10526012725649958,0.1242654028436019,0.07362814377594093,0.10378625896421881,0.05400781029832119,0.07166772237806533,0.14832917061407286,0.125,0.08030363563723532,0.040369277832404675,0.08640103458271088,0.04605570250505679
2020-04-17,0.11968928344958782,0.0326984126984127,0.0,0.09154986796668697,0.07214607985017452,0.1094056769496133,0.20738704279225437,0.3030723738776099,0.16572733109795248,0.1958395950328245,0.10270528068404894,0.23985826683778808,0.1239515377446412,0.024751795763371002,0.09662503002642325,0.21184975761161007,0.18534270329469746,0.10701174743024963,0.10088160463877877,0.08165529297071973,0.17515361361346193,0.0554921827819902,0.18661807157025592,0.2306000525210084,0.30338827191058926,0.04810350033679418,0.09830499688990255,0.10215209698938453,0.041194845763373684,0.08134920634920635,0.11840602110073248,0.10127478753541076,0.49836454979072586,0.04630596149385294,0.4006154672788775,0.08028116907140215,0.035569599740722734,0.11686728434668789,0.07331945270672219,0.04914512265631453,0.1997720070840656,0.11957008508732647,0.135788823510289,0.10833976408334252,0.12755378774181883,0.07549872239982583,0.10246201396753492,0.05029495616001148,0.06904864399483426,0.15288691144355776,0.12028301886792453,0.08023148757069577,0.04036186499652053,0.08715794009911657,0.04605570250505679
2020-04-18,0.10943156706944379,0.032522009321595026,0.0,0.092447840141052,0.07203512696242906,0.11153943912564603,0.20890387235319924,0.3030723738776099,0.16572733109795248,0.20093457943925233,0.10249992901386056,0.23810101336783096,0.12360594795539033,0.024750481135031106,0.09765740249011624,0.2122208960437833,0.18710108487331423,0.10951322612977732,0.1012672550350758,0.08242907569616943,0.17087080341161892,0.05675802452589962,0.18828208658405995,0.23146097908481414,0.30875289540445416,0.04999096412758652,0.10251515542370696,0.10262467679830355,0.04030655691172296,0.08320538129706807,0.11791486455725017,0.10014005602240897,0.5009351774376138,0.04804425350293432,0.3968471096269773,0.08056579758827466,0.04073131219625087,0.12932528687643122,0.07232102656461054,0.04906473671606844,0.20179261520475433,0.12187942875831244,0.13649661729749496,0.10933999433471532,0.13224699828473413,0.07464729649173162,0.10360930327566543,0.04889563592686508,0.06760914760914762,0.15507115210567868,0.11963882618510158,0.08016929598278522,0.04038065843621399,0.08718672785033534,0.04676479607482367
2020-04-19,0.10581466573328667,0.03223850429509854,0.0,0.09301755048122287,0.07356768144078649,0.10798504805980776,0.21147379276330538,0.3014790510710666,0.17155603623090443,0.20388349514563106,0.10151554793637901,0.22895424918369134,0.12360594795539033,0.024456753302087773,0.09563671807809185,0.2118156826079069,0.18334369173399628,0.11820773930753564,0.10198565912851627,0.08400310318076028,0.17678872240446847,0.05802047781569966,0.1889793934394839,0.23546107678207137,0.2865558402713818,0.051535567416221895,0.1094073979265327,0.10512159379695413,0.03973206092861076,0.08830188679245284,0.11798215076903601,0.09997020262216925,0.49974807836520435,0.049082769163572834,0.393140691922177,0.08242776621134414,0.04292002934702861,0.1328995750237689,0.07307746379867848,0.048926686817972236,0.20323063945509715,0.12777836300431897,0.13684240819615517,0.10812747035573123,0.1355496600895374,0.07281303425405261,0.1035684965245471,0.048288883644087795,0.06660145104752588,0.15597537134818118,0.08818635607321132,0.07995738344629287,0.04308322100743847,0.08749924500191267,0.042439225381128966
2020-04-20,0.10947712418300654,0.03170683524298696,0.0,0.09291743119266055,0.07242119534515874,0.1066368330464716,0.2106288559367897,0.3154953348406203,0.16666666666666666,0.20739743498901722,0.10014085829655367,0.2246821933402903,0.11832740213523131,0.023991726990692866,0.09584408139868157,0.21237816632739726,0.180788687943811,0.12234701781564679,0.10585789670060232,0.09087559867370748,0.18016912666867482,0.05852451341047422,0.19166071403560372,0.23337954040865086,0.2812000210900016,0.05272145144076841,0.08772407357001205,0.1036723617731598,0.03918197448194734,0.09400510204081633,0.11840356138127184,0.09859753506162346,0.49875040015276006,0.04980832568435829,0.390483086985948,0.0850988878264808,0.04251712212653421,0.14221865057959687,0.07518375133254783,0.04884504931951555,0.20393735578575287,0.128568494557404,0.13745685936151855,0.10812747035573123,0.13670290442966088,0.07188471431834659,0.10219859869533704,0.04703488457203086,0.06564726603154271,0.15845597955406715,0.08731466227347612,0.07963658796478044,0.04071315730083502,0.08803960706038902,0.042377470890874624
2020-04-21,0.1077978815480361,0.029588991815810775,0.0,0.09520960255294458,0.08115593455049014,0.1108330556481173,0.21291029368390005,0.31717347956131603,0.17597262247838616,0.20737666510475936,0.09923879029376415,0.22556160653505786,0.11406518010291596,0.02364755425979916,0.09748975122142978,0.21328799912256366,0.1798436013320647,0.1318486329893174,0.1060153918643003,0.09293113954905545,0.18215798654373286,0.05934242181234964,0.19274801385210838,0.23383095356748207,0.2812260078822104,0.05381889846321571,0.09006187457031549,0.10400910364145659,0.03887554488034872,0.1006596628389934,0.11910452276508848,0.10398214659320734,0.49985932715094195,0.0508579538124113,0.3876179109074808,0.08341433560139684,0.04297057449789818,0.14490993939649893,0.06330055926393649,0.04867730013616028,0.2069391253273879,0.128680479825518,0.1391094147582697,0.10754173026140465,0.1369488880218494,0.06834778428943816,0.09832569778820734,0.04555128665800603,0.06574037316395395,0.16502724748946088,0.08598726114649681,0.07878634120411479,0.0401528796731538,0.08806542002630526,0.0419892402571841
2020-04-22,0.11207957342083676,0.02755160786248869,0.0,0.09644705923923605,0.07659946824622219,0.07606693787379627,0.21449983574244416,0.3213621671100432,0.1933184317042228,0.20681202425493483,0.09808160705685885,0.22046942767242111,0.10983606557377049,0.022965827480072608,0.09719317556411668,0.2136224794032103,0.17904131279689076,0.13270075060189776,0.10943919219917835,0.0957753240518483,0.18457243909211815,0.05126900683963597,0.19306406721634936,0.23675554290413386,0.2872996405159653,0.05514348249027237,0.09090740224760843,0.10552651489098287,0.037900371233704565,0.10324359973619522,0.12042610953729933,0.09912904727079316,0.5001852248002964,0.0506886513198131,0.3839147917406736,0.0799238398866454,0.04355635383924562,0.1433110673461515,0.06303225665933396,0.04999392982882117,0.20751820233082882,0.09377882545864508,0.14008052533192733,0.11043585163879288,0.1381823590658932,0.06820316576795965,0.09718935525387139,0.04505623855610777,0.06427908415841584,0.16890980288920332,0.0847723704866562,0.07798283312060143,0.036344635392475615,0.08914935507019707,0.04224058769513315
2020-04-23,0.10976235253889553,0.027711536880190773,0.0,0.09828440976540538,0.07803102247546692,0.07751344646409332,0.2147892190739461,0.32309047932081064,0.195600756859035,0.21098556183301945,0.09717297814686493,0.21285943282341532,0.10266159695817491,0.0226576852418861,0.09399123722094721,0.2131020794387131,0.18099666851749027,0.13409883124871846,0.11642743221690591,0.0934996534996535,0.1871750307243679,0.05287511991422606,0.1964669163545568,0.23489105111689734,0.27502123580707755,0.05707301932179716,0.09303291267219123,0.10632464255677039,0.037221052631578946,0.10443548387096774,0.12109700998589887,0.09917561828628528,0.4995753142674421,0.053599146294140476,0.37857799747097365,0.07909757238654676,0.043417023882424986,0.14283075906179224,0.06553566773829177,0.048367291249772605,0.20686825150462834,0.08946030504497458,0.14095666854248734,0.11058633020713853,0.13906861002488446,0.06714865962632006,0.0974950905908174,0.04479888870973743,0.06292440018107741,0.16948943580576062,0.0847723704866562,0.07706714643268614,0.03465328794122917,0.08940327033340412,0.04308180256376371
2020-04-24,0.11067463706233988,0.027603615340770295,0.0,0.09956517442435023,0.07704199224239698,0.07943372057963506,0.21523583823866677,0.3230908452416327,0.19805512400023018,0.21339139902014154,0.09519843260484795,0.20664141225647534,0.10262008733624454,0.02216684643136088,0.09441044891242865,0.2091313702328721,0.1810649477849986,0.13902355112125855,0.11772935390876717,0.0812482494631687,0.18926668211306766,0.05436926024001352,0.19613768355446431,0.23683048886452027,0.2688340083348007,0.05921505196422928,0.09761092150170649,0.10159952152376278,0.036612517522882825,0.11411992263056092,0.1215185676392573,0.09935153786661907,0.49618861731775765,0.05109206880999936,0.37170706871633163,0.08005249343832022,0.0428677861195484,0.14084886301382582,0.067641959254443,0.04785456783610305,0.20764680917359235,0.12050240815941071,0.1417567767738113,0.11058633020713853,0.13761467889908258,0.06644432261208577,0.09402713700849732,0.044653293505082826,0.0617537176763607,0.1669642857142857,0.07758620689655173,0.07606367867835057,0.0331421287444232,0.08937242403510821,0.04338098197638285
2020-04-25,0.08601984749943933,0.02154843630816171,0.0,0.10046714020605363,0.0743436785535963,0.0812927959528491,0.21581644332529187,0.3167701863354037,0.20205672957396317,0.21379031325858283,0.09258208520589975,0.19069185137882938,0.09730848861283643,0.02143366619115549,0.09599096555618294,0.207209709498703,0.18044726351944243,0.1482387190684134,0.12127465375610143,0.08404875227970286,0.19073106861771774,0.05569933610892314,0.19934248173872066,0.23517379708611608,0.25827524922940215,0.06088661943212538,0.09698593890462541,0.1015501800113065,0.03560854605105225,0.121213638411856,0.12198989464631262,0.09702713375077565,0.4938227118295068,0.048941953018831294,0.3628531523931026,0.0819170664513371,0.041498708010335915,0.13919077002759347,0.06014995102102328,0.04755472064503873,0.20757768160261228,0.12306967984934086,0.14008370831777722,0.10717346064389766,0.13766350346242626,0.06498309831266,0.09045491903080483,0.043766490033922356,0.06033139781900581,0.17023209713388948,0.07352941176470588,0.07557777730091629,0.03094096948371049,0.09052128929566255,0.042843113184384975
2020-04-26,0.08524697148917078,0.02107931013166842,0.0,0.10069278363240808,0.07451417568218095,0.08014689669330373,0.21688882942248833,0.31661049228803045,0.2095693282767936,0.21258578702678768,0.09148813306520648,0.18990772826501545,0.09227748691099476,0.021170522767966857,0.09677915683659863,0.20424559901745507,0.18372741959171685,0.15173178165696868,0.12102032256834559,0.08387387774388934,0.18717665482815515,0.057025675599752794,0.19222055552681944,0.23268953833121558,0.25017548971564046,0.06106430230389747,0.09723958676054484,0.10031828869645008,0.034831285958637846,0.12869794610891275,0.12051537212591001,0.0953015839155245,0.488644104255548,0.049502186656741415,0.3576643695287763,0.08183958329471519,0.04184968866148574,0.13715567164435585,0.061211049224747856,0.04719794134466138,0.20728323757634962,0.1283227255709472,0.13929929030204297,0.10815389767735072,0.13592233009708737,0.06555053772190352,0.08923596393028067,0.0430816492863263,0.059486537257357544,0.16932114882506527,0.07529722589167767,0.07546638170731058,0.026726057906458798,0.0907346575384521,0.04436818237529109
2020-04-27,0.08782788491425328,0.021222933070866142,0.0,0.10092721999308718,0.07457300343574659,0.07853865766548791,0.21242532477794987,0.31661049228803045,0.212173735725938,0.21133796698523025,0.09015802481603981,0.1880411106480353,0.09183673469387756,0.020889348500517064,0.09473631642029565,0.20157010561090902,0.18894123774799942,0.15381389252948885,0.12250156439798285,0.08404505508107439,0.18414983434134527,0.05744931768405683,0.18563290656912057,0.23056348438259278,0.24220334685598377,0.06228373702422145,0.09602596829598815,0.10084943605321632,0.03445100897721169,0.13540222689263515,0.1208358024373277,0.09450415737172987,0.48814839205356164,0.04814978362624746,0.35346540046846914,0.08316957787481805,0.041989836854774004,0.13149232354197551,0.06168776212597092,0.045978358529630066,0.2067131382053072,0.12978882451878154,0.13792609823745192,0.10815389767735072,0.13709923664122137,0.06423491923679744,0.08707579935081251,0.0422476171465642,0.05871534636605136,0.16776360639075844,0.07612903225806451,0.07457100523458209,0.024698529240921027,0.0902332621082621,0.04530427329496755
2020-04-28,0.0881875848972002,0.020539528351571187,0.0,0.10302796642842314,0.0764918492291805,0.07796117782302184,0.20920697607814173,0.2837026254784625,0.21600566572237961,0.2114906010060895,0.08952913117546848,0.1757963148121697,0.08615567439096851,0.020799780694239798,0.09560143626570916,0.1986134795552234,0.1902708158887831,0.16010848002410666,0.12427910288358847,0.08496075739256952,0.1805728353230802,0.05834829443447038,0.18660295959549103,0.22908447937131632,0.23823306331725372,0.0655031412054082,0.09845991430168291,0.0993564888507952,0.03418997801531347,0.14225799618724846,0.11976868815274558,0.09620253164556962,0.48581876522770623,0.048007754706392534,0.34924034963561873,0.08485880516531857,0.041773806011044134,0.1314361155933695,0.05711988475518853,0.045978358529630066,0.20691766146311602,0.13068234854849248,0.13738235141178307,0.1076421516923962,0.13923669636407415,0.06207697248159676,0.08712514647917333,0.042395962475229164,0.05820784657978256,0.17214098777881823,0.07583547557840617,0.07346032627009455,0.025060968528626177,0.09006931714023832,0.045153801508995936
2020-04-29,0.0850476699523922,0.018567916732046656,0.0,0.1046604565997704,0.07023256837334155,0.07709665599472096,0.21217008164264425,0.2822987196523867,0.2161296313492432,0.21353164491133184,0.0888730026132031,0.17765859148667143,0.07850568489442339,0.02056182051455196,0.06877598477908534,0.1961880568986274,0.1876788640087384,0.16554176645620147,0.12689252495077738,0.08347484306729504,0.17666445250625926,0.05125715949907776,0.1879490484904759,0.22688597911286132,0.23439820831786112,0.06957928802588997,0.09938874935697643,0.09622986301014788,0.03333826138379657,0.14277855359485422,0.11938188554158136,0.09688614672707992,0.481787516886432,0.04816584338812859,0.3434928668933765,0.0839918946301925,0.04045269423558897,0.13422751109318273,0.056686307473844,0.04490380378910266,0.20646584420358985,0.13335194490973384,0.13707304911493393,0.10847151262519136,0.1409730885760114,0.061501403152792365,0.0859430096254646,0.042494658624666753,0.057652619665801215,0.17408657202699557,0.07808564231738035,0.07265344909507149,0.025423138538691926,0.08913192071086808,0.058153412173158295
2020-04-30,0.08049681178035689,0.018567916732046656,0.0,0.10653887944724598,0.06728125839723847,0.0782250210686398,0.20768657031480883,0.28517599579957376,0.21695692025664529,0.21529956671148962,0.08810031249591402,0.17548509165078768,0.06925996204933586,0.020006527415143603,0.0687790334881786,0.19608918467244976,0.18774079454304302,0.1674596292216467,0.1340036678682097,0.08389863403633945,0.1735860987297671,0.053049755341310983,0.1901205851747567,0.22566906224265093,0.22954284478024264,0.07308327167169446,0.10272836900813989,0.0937201779716683,0.03255713669685209,0.14944117530903203,0.11903967989329776,0.0937001049222207,0.4785937285715438,0.04936621341322885,0.33795229149179024,0.08207847792808273,0.038856518572469044,0.1346403764284114,0.05704645075841191,0.04479583095374072,0.20673096469631605,0.14181717655731663,0.13531627687961073,0.1078531993204983,0.14382194033356824,0.06043597221127538,0.08503481683318195,0.0430595109722491,0.057692307692307696,0.17316329541356587,0.07560137457044673,0.07167830537866993,0.025100469230596528,0.08989088238380023,0.05759051450349354
2020-05-01,0.07786105098278094,0.0179089790897909,0.0,0.10633154823114625,0.0668532087929785,0.07701245066680916,0.21113413454897084,0.2869026601633801,0.21775514722160727,0.2203927135083984,0.08623810836381515,0.16196760647870426,0.04858569051580699,0.01987521708368174,0.06894781864841745,0.196899763952116,0.18697497967663265,0.17292507457448675,0.13467942120239754,0.08316258037165265,0.1706438594718605,0.05433257535439547,0.19401072878007655,0.22204076841276638,0.22233537177501903,0.076574590065349,0.1007994632973668,0.09505611161662117,0.03189467014011124,0.15632645608909987,0.11989907099438009,0.09732867703750737,0.4723927576058781,0.05025858639437741,0.3324362383253651,0.08161725147946679,0.037493649449618964,0.13339643858625255,0.05897532729103726,0.044330995599559955,0.20651313706869262,0.14465466568699487,0.13446765094226384,0.10539079472540797,0.14542417784944997,0.0638847699482088,0.08309004335157416,0.042893441603440004,0.055959532089788176,0.15878429161969185,0.07525655644241733,0.07099139882299683,0.02425070446588677,0.09156234351527291,0.05765858690046416
2020-05-02,0.08062119749699054,0.01705687181644002,0.0,0.10723489364975576,0.06537164127021054,0.07599995923139533,0.20491494366398524,0.2869026601633801,0.21798200069228107,0.21800581712415926,0.08524513715950502,0.16193363844393593,0.04642409033877039,0.019352821635141473,0.06900644286198711,0.19508429588924162,0.1852776524135547,0.18643336425812854,0.13582508156373418,0.0846328644035456,0.16857767647433153,0.055657551454246786,0.19496980608976913,0.22161983183609035,0.21420462150920386,0.07882845823787765,0.09991272239006378,0.09854490960069612,0.031089853091902972,0.16484939348507566,0.11965215040439768,0.0948704258901803,0.47164064167861175,0.049396777187209986,0.3263335039845851,0.08251658003226385,0.036548641709195806,0.13259588942456058,0.06049799701515984,0.043817347346015695,0.20522483175854803,0.15871725383920507,0.13283663196430615,0.10531355492079979,0.14305455751478635,0.0645061036499623,0.08018431726949833,0.04228209568435707,0.05555555555555555,0.17366987932925873,0.06680161943319839,0.07066683970517817,0.02378626948276564,0.09203412231166647,0.05643633462957424
2020-05-03,0.08351351351351351,0.017054407266660486,0.0,0.10651018873506823,0.06487048591416146,0.07490873222671013,0.20305108502490427,0.28574634365273727,0.21940430551459747,0.2171240585230716,0.0842571854951902,0.16335039064284734,0.04542701393095094,0.01881638846737481,0.06914483175093099,0.19259785852752628,0.18310842465942181,0.17239499116308804,0.13676654521724943,0.0846328644035456,0.16655313351498638,0.05716077372051517,0.19174059068933838,0.21639239017816847,0.20587017484425874,0.08063462097008423,0.09730259172863531,0.10106536829926725,0.030319184380622376,0.17036657923357432,0.11986127371932227,0.08554925509808756,0.4607766863225553,0.04979718189581554,0.32093667683999877,0.08109291896965273,0.035708931730279135,0.1326132413462435,0.062280481685900654,0.0431881909304799,0.20473236065342149,0.16257530797590145,0.13175858856896575,0.10322801769801208,0.14285714285714285,0.06440151118974424,0.08077632117984433,0.04238259815564037,0.05470220387347459,0.17287642821429233,0.06489675516224189,0.07058315949596801,0.02306440993067121,0.09264666534823932,0.056659164301790785
2020-05-04,0.07782421909093554,0.017032638217557426,0.0,0.10461801930723845,0.06351713750413283,0.07345756103300824,0.2002045974244795,0.28574634365273727,0.21932807963500622,0.21727253624711074,0.08305084745762711,0.1601963725623892,0.04393984075493955,0.01830744699698813,0.06914483175093099,0.19162711955983394,0.1810021448052464,0.1697486048179703,0.13587026915006606,0.08782893047304353,0.16400174652215485,0.05806949062695774,0.19276615934888133,0.2130552505951867,0.19762668117577759,0.08417402636692614,0.09886165392773322,0.09572339285519021,0.030288971367974548,0.1750903596610772,0.11894034570896331,0.09631559359880908,0.4626974965731188,0.0493735332213345,0.3166383734897896,0.08090740854553773,0.03524774126719227,0.13195836421642873,0.06333792757799775,0.043478260869565216,0.20396595952603933,0.16520258157045536,0.13019315851947771,0.10322801769801208,0.1425746807032544,0.06418278212094986,0.07936219618162092,0.042651671332654156,0.05394462637689788,0.173581612389018,0.06401551891367604,0.0701866602127209,0.022652566727399088,0.09284917082849509,0.05605509852687966
2020-05-05,0.0775996103628496,0.0163493742288031,0.0,0.10542714706548834,0.06398828589731857,0.07207572233434457,0.19889652251658746,0.2818497280082472,0.2176256077795786,0.21875128447531753,0.08039451052307217,0.14790201261430783,0.042693409742120346,0.01826524309538516,0.0694866041969117,0.19048416626718956,0.18157881105720255,0.16693357988409913,0.1361368851641225,0.08734824387563075,0.15935738534035307,0.059021760061621416,0.19355045930493994,0.21080309225466404,0.19923620958911487,0.08920678566964742,0.10219405289634906,0.09378747396545557,0.029858564693556838,0.17576352971770348,0.11682399131233816,0.09631559359880908,0.454042270611182,0.04932697014194812,0.3121705823409295,0.08073781291172595,0.034760165838389936,0.13045696332472703,0.051966203709533226,0.043393861579848376,0.20311142290000878,0.17122007653288243,0.129953555308432,0.09970341296424724,0.14304489538429188,0.06255083111732507,0.07810912665902016,0.04300201239000907,0.0535524920466596,0.17814050022865585,0.06352261790182868,0.06939790884447662,0.022581763128613902,0.09257237958349994,0.054603756298671556
2020-05-06,0.07835384783958509,0.01572606214331008,0.0,0.10581335775096198,0.06047150144907886,0.0726976302661439,0.20196333860612264,0.2781142605902357,0.218301345020402,0.21857989113032342,0.0791624223259612,0.15036960472623778,0.0416322029225255,0.017756186255291344,0.0696349648060239,0.188872280352101,0.18149980082326383,0.16469582561618465,0.13615424799354134,0.09542072311272823,0.15615496835703133,0.053713698278077614,0.19556009221453768,0.2120633967241689,0.19317329171508077,0.0920177621417539,0.1046134740763738,0.09034512193911481,0.023142509135200974,0.17819973427812222,0.11492643328259766,0.09504921934157863,0.4564931468918732,0.04970510864734357,0.30682030189758513,0.07756471832784134,0.0342462207496376,0.1277222975332832,0.050681626251658826,0.04289749323290573,0.20225091675118984,1.0,0.12857016869716403,0.08951756537002142,0.1431293778327153,0.061373573872418,0.07842109819610059,0.04270927161417383,0.05315498691480081,0.17814050022865585,0.0625,0.0685449734367779,0.022372006310053063,0.09202187600153008,0.05030398933955193
2020-05-07,0.07725769060456877,0.01536502197937636,0.0,0.10312752763548126,0.06018834902908576,0.07191347698469759,0.19518977087370137,0.273589615576635,0.21733879821415503,0.2186726485148515,0.07876660918957298,0.14467816827195207,0.040646029609690444,0.017613460510396445,0.06986079637423115,0.18697878604802093,0.18033851036207146,0.1664835082120222,0.13707554326000626,0.07549042057858178,0.152674493318125,0.05678421996413628,0.19767160161507402,0.2096538426536834,0.18475524362305817,0.09612917132856366,0.10751729857526582,0.0901449499141109,0.02252185508964291,0.17932623549976165,0.11227291313744962,0.095119072415469,0.4566251392410254,0.050079361374352274,0.30061857978046014,0.07819504109077326,0.033547850343798175,0.12570217938304773,0.04983484295694408,0.04242243606119958,0.201360031660502,1.0,0.1279185597317719,0.08951756537002142,0.14442676742567365,0.05964591584577367,0.07775253645954627,0.04254401938413741,0.05202771782346927,0.17514940886059505,0.0625,0.06793808336529855,0.022374437162079937,0.09012224938875306,0.052434768156888814
2020-05-08,0.07676873636711791,0.01479998429709889,0.0,0.10408899876390605,0.057724161640153766,0.07142008427094663,0.19887661843107388,0.2688794683966451,0.2162114350410416,0.2175548589341693,0.07636054786194751,0.14108372479313785,0.03997881916865237,0.017177344475394613,0.0696514230892229,0.1845319403373412,0.17787101930406984,0.16306343490698966,0.1362664542634359,0.07529391530816575,0.15243360208679155,0.05855279979544874,0.20031277310151327,0.20581493512702753,0.17800371177277496,0.09961489088575096,0.11195822197041544,0.08727844666623744,0.02186679398424445,0.17791745026229833,0.11030293941211758,0.0926904016692749,0.45338885188396,0.050465001347829996,0.29460038536195227,0.07764272477367269,0.033528622855932805,0.12487250157338484,0.04923378256563206,0.04220488905396668,0.20046644170033154,1.0,0.1264161564984871,0.09724680700416655,0.14765415864368572,0.059286963518872804,0.0767294463843326,0.04267853022611906,0.050606394707828004,0.1719342798876448,0.06227106227106227,0.06729148457984767,0.02204051416649842,0.08974778905994105,0.05274962618375145
2020-05-09,0.07623472038503833,0.0142916556391546,0.0,0.10358189207069275,0.057181662800634844,0.07074635370437336,0.19455007646839995,0.2669277893322759,0.2142613326051338,0.2165135010467303,0.07579808652514254,0.13824344308272848,0.03979968371112282,0.017345982019745187,0.06932654216185626,0.18275122438636565,0.1749038220597556,0.16328557837595836,0.1352011695672201,0.07273820953879255,0.14808373044490636,0.05991489361702128,0.20210475042941012,0.20381263992648796,0.170963047468609,0.10154051739551867,0.11509714159476675,0.08876196073389778,0.021473111725819307,0.1822179821295607,0.10742991570280337,0.09124403987863025,0.44915565224798987,0.050106152559456156,0.28872528965961963,0.07705433511123512,0.033323469829057886,0.12049117811562515,0.0468347432433842,0.042347896006432593,0.1996196415103191,1.0,0.1251380743608723,0.09301779825352322,0.14783025444405717,0.05842974029468087,0.07737679186746618,0.04259075746367608,0.049742157284056725,0.16912992438880342,0.06227106227106227,0.06716458320440621,0.021886322278144826,0.08884101757334144,0.05345729227193492
2020-05-10,0.07672989538616083,0.013850314281537787,0.0,0.10073656649483136,0.057181662800634844,0.0697734768705319,0.19257529072656793,0.2577270492810618,0.20770643384129645,0.21210686506594523,0.07532452110407684,0.13730819923875062,0.03979968371112282,0.016930507110276362,0.06937962790118847,0.1807997506883977,0.1722928821886895,0.1612290020761992,0.13233025426149891,0.07408856114031959,0.14638304180254966,0.061033662019721185,0.20375662004239328,0.2002966098421943,0.1650039555023488,0.10146010370156992,0.11643096982917085,0.08519550655150329,0.021102100995208258,0.18069301498825957,0.10369161182812155,0.09000687531760979,0.44337759684042416,0.049230832637837056,0.28351273628526846,0.07684180393993806,0.03323006975863068,0.11754742216711737,0.04781802267422474,0.04275100321824467,0.19906604825182939,1.0,0.12360080251718505,0.09061415868430088,0.14719176362266678,0.05722326812261092,0.07746285194987405,0.04266602962255136,0.0484994500602315,0.168333857607214,0.05892399658411614,0.06703102147640674,0.021709980205606282,0.08856667417794803,0.05479111405835544
2020-05-11,0.07732301226785328,0.013284518828451882,0.0,0.09771259788432476,0.058438360133275385,0.0684940069382204,0.18291203235591508,0.25481480363449754,0.20561889250814333,0.21112983708403557,0.07304427179413144,0.13501241603260006,0.03785409877162196,0.016771488469601678,0.06937962790118847,0.1785771599706165,0.1678869437172775,0.15905234471410942,0.13151231772902844,0.07408856114031959,0.14407009917130825,0.06207013670714104,0.2025306469231703,0.19877485255669727,0.15906445268073377,0.10190791235176756,0.10089169317411482,0.08578100674623768,0.02033492822966507,0.17982655334241657,0.10238998735104188,0.09058853882980249,0.3285610647684025,0.047444828191769595,0.2797947289297896,0.07681311107140122,0.03228825456247075,0.11768869044791716,0.04805608800733394,0.04234208695203979,0.19786192523662147,1.0,0.12268032400462864,0.09061415868430088,0.14704207014403126,0.056880015515392804,0.07584026540003082,0.04224856393399077,0.04699858040965321,0.16644867445241904,0.058524173027989825,0.06660444180156039,0.021522317982006964,0.0879519801436881,0.05486945710733527
2020-05-12,0.07739194403158732,0.012783284937084877,0.0,0.09553735693004022,0.05911078303333144,0.06714148852782643,0.18295185768059122,0.24802779864763336,0.20248715869153824,0.20885668276972624,0.0723304186996639,0.13210440195438994,0.03715472989489123,0.016711036136956695,0.06910258370279773,0.17600717418818676,0.16694571789249885,0.1588426335990552,0.13151231772902844,0.0641871106667692,0.14056277739768083,0.06266706266706266,0.20094629593576516,0.19759100962400622,0.15596804053395694,0.10339805021765397,0.10142079187650985,0.08249241524864794,0.02001302365964836,0.17879565317147447,0.09849395239953179,0.08886139309918169,0.3249965362767284,0.04749768086880745,0.2762887994821702,0.07587864164079033,0.03284412109048336,0.11596878717316321,0.04923473899969827,0.04234208695203979,0.19592877897155214,1.0,0.12194584151450562,0.085108438909169,0.14537444933920704,0.05676405096115903,0.0762730130887523,0.041906375215819136,0.04636654022759034,0.16609905426546234,0.05827702702702703,0.06599274311663268,0.02106994113940586,0.08601723425125042,0.04482369347234212
2020-05-13,0.07785322500219986,0.012496329407158472,0.0,0.09531115459882583,0.05687359147715632,0.06676195016479103,0.18118651685393258,0.2438384530896931,0.20004028429200357,0.20797270832017184,0.07129226263234263,0.1289941001226707,0.03566400750821211,0.016551544376384727,0.06921637285679788,0.17307947743885368,0.16531998987558655,0.15502980669396516,0.1295897827444992,0.06194298316973083,0.1372906718676441,0.06417588003558267,0.2005599917038266,0.1963188238966715,0.15698111983390645,0.10584668332855328,0.10085159123620661,0.08169676660598348,0.01936944491028006,0.1748014077425842,0.0959023278137749,0.08703245915735168,0.32067051761241366,0.04725765942206385,0.2706006083054586,0.0751507433822586,0.0336500153233221,0.1138833051440311,0.04446195716916987,0.040672961291628465,0.19380656323360926,1.0,0.12086150201180532,0.085108438909169,0.14440489088376413,0.05588613839415261,0.0721837969055089,0.04222315767989489,0.04506250605678845,0.16572072965202736,0.05764411027568922,0.0654966046128323,0.020965806838632275,0.085163225609899,0.04482369347234212
2020-05-14,0.07724759657710321,0.012184371261255588,0.0,0.09434411707781863,0.055870637579466614,0.0662326834448165,0.17879129227464438,0.23711905430523797,0.19597362780475894,0.20412739779993333,0.07097137657533954,0.12542981170487022,0.03493948390043389,0.01640904297728968,0.06885109912899212,0.1717395422596414,0.1625883836019945,0.153145788070867,0.1295897827444992,0.06030921248775502,0.135260998109763,0.06615378112186668,0.20118910195344458,0.19366058615188483,0.1476168784963812,0.1043478936249534,0.09952908113856028,0.08116591928251121,0.018819503849443968,0.1701317935546765,0.09353232398825628,0.08421186981493299,0.31592929758067373,0.0466390171374912,0.2641379411237052,0.07528230293522083,0.03277872865501732,0.11294953546573416,0.044231300642699874,0.04139202855443189,0.19163546972155723,1.0,0.11826655249456205,0.07986541181060126,0.14324028255203414,0.05523672171925496,0.07035476604565495,0.042149901011122974,0.043447825275340676,0.16671461967272072,0.05596107055961071,0.06510094621619521,0.02076754034898782,0.0842216130212963,0.04543097861309138
2020-05-15,0.07678878292243758,0.011968659386760441,0.0,0.09273878352969345,0.05474125771197979,0.06608660682631541,0.17654833516902482,0.23145059907124715,0.19261716913109359,0.20009318850286845,0.07097137657533954,0.12151096152699471,0.034108527131782945,0.016427687229213946,0.06766441214563247,0.16778437510443706,0.1611080218558097,0.15015069576555587,0.12803610858553058,0.05957387160078497,0.13364324674452682,0.06765140324963072,0.20230164199840286,0.19147353900463415,0.14008268623984604,0.10574074211585442,0.10111118392106569,0.07776406015261271,0.018333464473994806,0.1645722275627021,0.09167521414908658,0.08129165493288276,0.3108287326231392,0.04601132097557713,0.2584458853494045,0.07397634173623498,0.034052015856134585,0.10948810229829964,0.04303167727088128,0.039561593636180815,0.1895432602116111,1.0,0.11639581626626531,0.0766950080280251,0.14178886700226162,0.054785056625214684,0.06996681073449826,0.04235439718658481,0.04204068744643421,0.1610659835743256,0.05463182897862233,0.06457574207289699,0.020314085936618924,0.08326089125137165,0.04462613905879416
2020-05-16,0.07507133829335348,0.011778492232805504,0.0,0.09286181431724665,0.05607270589388075,0.06512705173153675,0.1742613263296126,0.22277320870383296,0.18982343176216107,0.19818754925137905,0.0711232654071839,0.11569787179702805,0.034078335915025446,0.015605508402025292,0.06694126877381754,0.16461704730178456,0.1591988702015663,0.14878504672897197,0.12803610858553058,0.05827735763383281,0.13134956995788127,0.06941870261162594,0.19964769291442092,0.18954493415370607,0.14110376312091216,0.1044730285243682,0.10253881042811314,0.07661116692981197,0.017937219730941704,0.16292640634899463,0.0904376629018245,0.08116974411847408,0.30530655017423364,0.045493258770026836,0.25257685224741555,0.07536904931555079,0.03455045151158225,0.1113651287788506,0.042439565960826264,0.03917612989294895,0.18793238082455863,1.0,0.11462020648967551,0.0766950080280251,0.14050965360590573,0.05399108684857324,0.06927193645712197,0.042380706824804826,0.04062756623589921,0.1599575357820314,0.05463182897862233,0.06438526535320957,0.01985202948510076,0.08324851598095537,0.043674515066487736
2020-05-17,0.07528621682123442,0.011428241609188768,0.0,0.09183518822358841,0.055866643188354756,0.06382468874545333,0.17230859910153887,0.21932863247111783,0.18769117826991313,0.19501177243607293,0.06994255836217689,0.10735673097458533,0.03344917463075586,0.015333301338964342,0.06596313263525305,0.16185577993758848,0.15672269144620662,0.14615775979888468,0.12803610858553058,0.059282106643019625,0.12984877625674096,0.07094495142773036,0.19907041646573573,0.18664311475480985,0.12883478856705244,0.10404754789653683,0.09985326096564892,0.07376841817373765,0.017407476287892878,0.15569774527726996,0.08503540558304501,0.07946013585984985,0.3001322900536339,0.04554999066757917,0.2477161390013839,0.07436210553377466,0.03440720015935966,0.10558416710151175,0.043005701697550865,0.0383971342574929,0.18694278230360706,1.0,0.1126077298978232,0.07197646491760228,0.13960572849189398,0.05345548450565667,0.06892493033077736,0.04238896176911544,0.039307518608346574,0.1596335383823367,0.051224944320712694,0.06431035019562939,0.01973771360445092,0.08240209700624766,0.044132279777582675
2020-05-18,0.07692062906130866,0.011204403133863132,0.0,0.09055875454551264,0.05646476378183695,0.062219959897019506,0.17073037861395385,0.2145216936160154,0.18533609684865043,0.1922009253139458,0.06865933780003904,0.10453513556544392,0.03260639424094855,0.015221786181472232,0.06596313263525305,0.1599443671766342,0.15363325938492323,0.14498584558110675,0.1244961934617107,0.059282106643019625,0.12867194566780848,0.07195967233774417,0.19732414915684893,0.18664311475480985,0.12656700261837545,0.10454261011710918,0.09875007558285176,0.07232155836604158,0.01668619306280399,0.1533014325713693,0.08439241372568189,0.08012834796559562,0.29281660861326547,0.044561848513729525,0.244082728228198,0.07437977752145608,0.034140131893000476,0.10466840047232102,0.04368727743606345,0.03788727328777681,0.1851272279945627,1.0,0.11089059141648755,0.06796950417683321,0.13864692718195903,0.05337731308605095,0.06734733676987828,0.042431416717426534,0.03854477154873219,0.1586945664692752,0.051224944320712694,0.06462209414429101,0.01960939041231012,0.08071175463931954,0.044132279777582675
2020-05-19,0.07854486373963926,0.01096756459593183,0.0,0.09015231693806439,0.052539460624753204,0.0610722189535554,0.16905119048525505,0.20714747736093145,0.1821127526511375,0.18880479504241376,0.06557752617499354,0.10239424999206677,0.03190387404184794,0.014214956799857851,0.06448816622448711,0.15768461147463986,0.1516135847462103,0.14258509215219975,0.1244961934617107,0.052400867611341294,0.1260028841347416,0.07304997272689129,0.19911050618715792,0.1843523294334717,0.12378695874240962,0.10522445700868169,0.09938858695652174,0.07189669716436312,0.01626943005181347,0.15182041609510746,0.08047512991833705,0.07381655010712698,0.286463199418665,0.04429588722569394,0.24040037091063193,0.07433737849423414,0.034539502173875386,0.10429319673489384,0.03944749078312863,0.037364620938628156,0.1820589076351158,1.0,0.11046005833887723,0.06705019139216514,0.13750042074792151,0.05309673150874111,0.06700163906477997,0.042431416717426534,0.03767259956899992,0.15851451508711026,0.05047549378200439,0.06436785584588514,0.019271784523824727,0.07997045716910167,0.042913165266106446
2020-05-20,0.07749467923380966,0.010851666891618303,0.0,0.09004745066038021,0.05197490078746701,0.06090557342839753,0.1705287589978534,0.20457953627869419,0.18043688892803664,0.18681808060565575,0.061542909296452446,0.09839430188117337,0.033185840707964605,0.013843296475466482,0.06419996369953587,0.15624081043949634,0.1495570609692548,0.14098674468161954,0.11992472227293793,0.052400867611341294,0.1234954715529601,0.04880731975636588,0.19654948219012677,0.18158884627709188,0.12128207709484937,0.10559466469062616,0.09916307590321512,0.06934018174634532,0.016080199152257283,0.15035696957094338,0.0785995546829584,0.07312136456531992,0.28305444882119457,0.04353022229096073,0.2353310719095572,0.07248480744084178,0.03538851351351351,0.1016689232129535,0.03831794473959452,0.03721034958736747,0.1820589076351158,1.0,0.11081242532855436,0.06705019139216514,0.13745105136727107,0.052348360088471324,0.06663239168000665,0.04291343841838098,0.03767259956899992,0.15476940731613256,0.049891540130151846,0.06417508187772926,0.019158988603811957,0.07997591122930243,0.041772823779193204
2020-05-21,0.07683657512343402,0.010165634087748135,0.0,0.08923421140030414,0.05497804101696281,0.060653973923512815,0.1681058321227629,0.1933838725110606,0.1763914012872828,0.18651211801896733,0.059802513487048625,0.09909719888848285,0.032582938388625596,0.013637616916583597,0.06444147294795309,0.15280199994047797,0.1474716126012956,0.13872088534294172,0.11992472227293793,0.05147095895936271,0.11953592397693373,0.05028531625900822,0.19765884313431684,0.1796341273734461,0.11767163653956107,0.10486528843716149,0.09702310073827101,0.06996026947659353,0.01569256978115581,0.1470386039132734,0.07686847068296922,0.07321597577134203,0.2783010028037349,0.04287246172222826,0.2292253328660401,0.07177140497858212,0.03637461446825176,0.1008666635459646,0.037969183462014104,0.03627499429787881,0.17725924761321313,1.0,0.11000510671411318,0.06637104124770324,0.1357784096354749,0.05258428711281452,0.06663239168000665,0.04305696818574538,0.03696354227461966,0.15616265399201276,0.049891540130151846,0.06367346664787106,0.019160221791895696,0.07839185198986015,0.041772823779193204
